created_time,updated_time,deleted,created_by,updated_by,id,slug,title,summary,content_html,sku,price,currency,stock_status,status,search_vector,category_id,cover_image,tags,sort_order
2026-07-20 08:39:41.633241+08,2026-07-22 13:46:43.568172+08,0,,admin,28,dc103w,DC103W,"<h6>Digital video (4K)<br />
Digital camera (64 Mega pixels)<br />
Mass storage (Removable disk)<br />
16X powerful zoom<br />
Auto focus<br />
Web camera<br />
Built in high-power LED flash<br />
High-efficiency Wi-Fi image transmission, convenient and easy to use</h6>
","<p>The DC103W versatile digital camera features 4K ultra-clear video recording and 64MP high-resolution photography. It comes with 16x powerful digital zoom, fast autofocus, and a built-in high-power LED flash for excellent low-light performance. Boasting high-efficiency WiFi image transmission for instant sharing, removable mass storage for unlimited content, and a built-in web camera function for video calls and live streaming. It is the perfect companion for daily shooting, travel recording, and online content creation.</p>
",,,CNY,instock,PUBLISHED,"'16x':14,62 '4k':4,47 '64':7 '64mp':54 'a':69,101 'and':37,53,68,100,111,124 'auto':17 'autofocus':67 'boasting':84 'built':21,71,103 'built-in':70,102 'calls':110 'camera':6,20,45,106 'clear':50 'comes':60 'companion':118 'content':99,126 'convenient':36 'creation':127 'daily':120 'dc103w':1,42 'digital':2,5,44,64 'disk':13 'easy':38 'efficiency':30,87 'excellent':79 'fast':66 'features':46 'fi':33 'flash':27,77 'focus':18 'for':78,91,97,108,119 'function':107 'high':24,29,56,74,86 'high-efficiency':28,85 'high-power':23,73 'high-resolution':55 'image':34,89 'in':22,72,104 'instant':92 'is':115 'it':59,114 'led':26,76 'light':82 'live':112 'low':81 'low-light':80 'mass':10,95 'mega':8 'online':125 'perfect':117 'performance':83 'photography':58 'pixels':9 'power':25,75 'powerful':15,63 'recording':52,123 'removable':12,94 'resolution':57 'sharing':93 'shooting':121 'storage':11,96 'streaming':113 'the':41,116 'to':39 'transmission':35,90 'travel':122 'ultra':49 'ultra-clear':48 'unlimited':98 'use':40 'versatile':43 'video':3,51,109 'web':19,105 'wi':32 'wi-fi':31 'wifi':88 'with':61 'zoom':16,65",5,/uploads/products/dc103w/cover.webp,[],3
2026-07-20 08:39:41.701005+08,2026-07-22 13:46:43.567486+08,0,,admin,39,dc101l,DC101L,"<h6>Digital video (4K)<br />
Digital camera (64 Mega pixels)<br />
Mass storage (Removable disk)<br />
16X powerful zoom<br />
External hot shoe (can be connected to microphone)<br />
Support HD output<br />
Auto focus<br />
Web camera<br />
Built in high-power LED flash</h6>
","<p>The DC101L is a versatile, practical compact digital camera, supporting 4K digital video recording and 64-megapixel high-resolution photography. It features 16X powerful zoom, auto focus, and a built-in high-power LED flash. It also comes with mass removable disk storage, HD output, an external hot shoe for microphone connection, and web camera functionality to meet diverse shooting and daily usage needs.</p>
",,,CNY,instock,PUBLISHED,"'16x':14,62 '4k':4,49 '64':7,54 'a':42,68 'also':78 'an':87 'and':53,67,94,102 'auto':28,65 'be':21 'built':32,70 'built-in':69 'camera':6,31,47,96 'can':20 'comes':79 'compact':45 'connected':22 'connection':93 'daily':103 'dc101l':1,40 'digital':2,5,46,50 'disk':13,83 'diverse':100 'external':17,88 'features':61 'flash':38,76 'focus':29,66 'for':91 'functionality':97 'hd':26,85 'high':35,57,73 'high-power':34,72 'high-resolution':56 'hot':18,89 'in':33,71 'is':41 'it':60,77 'led':37,75 'mass':10,81 'meet':99 'mega':8 'megapixel':55 'microphone':24,92 'needs':105 'output':27,86 'photography':59 'pixels':9 'power':36,74 'powerful':15,63 'practical':44 'recording':52 'removable':12,82 'resolution':58 'shoe':19,90 'shooting':101 'storage':11,84 'support':25 'supporting':48 'the':39 'to':23,98 'usage':104 'versatile':43 'video':3,51 'web':30,95 'with':80 'zoom':16,64",5,/uploads/products/dc101l/cover.jpg,[],2
2026-07-20 08:39:41.44787+08,2026-07-22 13:46:43.55555+08,0,,admin,2,dc105,DC105,"<h6>True 4K-30FPS video recording, maximum interpolated 5K-30FPS<br />
1/2.4-inch 21MP sensor, maximum interpolated photo resolution up to 96MP<br />
Top flip screen adjustable to any angle within 180°<br />
60 filters, 11 scene modes, 5-level beauty mode for highly flexible shooting<br />
Supports HDR (High Dynamic Range) imaging<br />
Supports ISO 100–6400, suitable for low-light shooting at various levels<br />
8x high-efficiency zoom, ultra-fast focusing<br />
High-speed continuous shooting ","<p>The DC105 delivers outstanding all-round imaging performance. It supports true 4K@30FPS video recording and up to 5K@30FPS interpolated video, paired with a 1/2.4-inch 21MP sensor for shots up to 96MP interpolated resolution. The 180° top flip screen can be adjusted freely for flexible framing. Packed with 60 filters, 11 scene modes and 5-level beauty mode, plus HDR and wide ISO 100–6400 range, it performs well in diverse light conditions. Equipped with 8x zoom, ultra-fast focus, 10fps high-speed burst shooting and a built-in high-power LED flash. Wi-Fi 802.11 b/g/n enables efficient wireless transmission, ideal for daily shooting, vlogging and creative photography.</p>
","",,CNY,instock,PUBLISHED,"'1/2.4-inch':13,103 '100–6400':53,142 '10fps':159 '11':34,129 '180°':31,114 '21mp':14,104 '30fps':5,12,90,97 '4k':4,89 '4k-30fps':3 '5':37,133 '5k':11,96 '5k-30fps':10 '60':32,127 '802.11':178 '8x':63,153 '96mp':22,110 'a':102,166 'adjustable':26 'adjusted':120 'all':82 'all-round':81 'and':93,132,139,165,189 'angle':29 'any':28 'at':60 'b/g/n':179 'be':119 'beauty':39,135 'built':168 'built-in':167 'burst':163 'can':118 'conditions':150 'continuous':75 'creative':190 'daily':186 'dc105':1,78 'delivers':79 'diverse':148 'dynamic':48 'efficiency':66 'efficient':181 'enables':180 'equipped':151 'fast':70,157 'fi':177 'filters':33,128 'flash':174 'flexible':43,123 'flip':24,116 'focus':158 'focusing':71 'for':41,55,106,122,185 'framing':124 'freely':121 'hdr':46,138 'high':47,65,73,161,171 'high-efficiency':64 'high-power':170 'high-speed':72,160 'highly':42 'ideal':184 'imaging':50,84 'in':147,169 'interpolated':9,17,98,111 'iso':52,141 'it':86,144 'led':173 'level':38,134 'levels':62 'light':58,149 'low':57 'low-light':56 'maximum':8,16 'mode':40,136 'modes':36,131 'outstanding':80 'packed':125 'paired':100 'performance':85 'performs':145 'photo':18 'photography':191 'plus':137 'power':172 'range':49,143 'recording':7,92 'resolution':19,112 'round':83 'scene':35,130 'screen':25,117 'sensor':15,105 'shooting':44,59,76,164,187 'shots':107 'speed':74,162 'suitable':54 'supports':45,51,87 'the':77,113 'to':21,27,95,109 'top':23,115 'transmission':183 'true':2,88 'ultra':69,156 'ultra-fast':68,155 'up':20,94,108 'various':61 'video':6,91,99 'vlogging':188 'well':146 'wi':176 'wi-fi':175 'wide':140 'wireless':182 'with':101,126,152 'within':30 'zoom':67,154",5,/uploads/products/dc105/cover.webp,[],0
2026-07-20 08:39:41.55833+08,2026-07-22 16:01:37.905207+08,0,,admin,16,w3,W3,"<h6><span style=""font-size: 16px;"">Be easy to carry</span></h6>
<h6>Focusing mode: Fixed focus<br />
Angle expansion multiple: 1.35 X<br />
Number of lens groups: 2 pieces 2 groups<br />
Coating: Multilayer antireflection coating<br />
Connection method: 52mm thread<br />
Front thread interface size: 62mm<br />
Having the fuction of macro lens<br />
Big view, and support ultra wide field of vision</h6>
<div id=""kiss-translator-box"" class=""notranslate""></div>
<h6 id=""kiss-translator-box"" class=""n","<p>Portable 52mm wide-angle macro conversion lens with fixed focus<strong>.</strong> Expands your angle of view by 1.35x for an ultra-wide, big-view field of vision. Features a detachable macro function for detailed close-ups. Optical construction: 2 elements in 2 groups with multilayer anti-reflection coating to reduce flare and ghosting. Mounts via 52mm screw thread; front thread size is 62mm for attaching filters or lens caps. Compact and easy to carry — perfect for on-the-go wide-angle and macro photography.</p>
<div class=""notranslate""></div>
<div class=""notranslate""></div>
",,,CNY,instock,PUBLISHED,"'1.35':13,76 '2':19,21,101,104 '52mm':29,60,119 '62mm':35,126 'a':90 'an':79 'and':44,115,134,148 'angle':10,63,72,147 'anti':109 'anti-reflection':108 'antireflection':25 'attaching':128 'be':2 'big':42,84 'big-view':83 'box':56 'by':75 'caps':132 'carry':5,137 'class':57 'close':97 'close-ups':96 'coating':23,26,111 'compact':133 'connection':27 'construction':100 'conversion':65 'detachable':91 'detailed':95 'easy':3,135 'elements':102 'expansion':11 'features':89 'field':48,86 'filters':129 'fixed':8,68 'flare':114 'focus':9,69 'focusing':6 'for':78,94,127,140 'front':31,122 'fuction':38 'function':93 'ghosting':116 'go':144 'groups':18,22,105 'h6':51 'having':36 'id':52 'in':103 'interface':33 'is':125 'kiss':54 'kiss-translator-box':53 'lens':17,41,66,131 'macro':40,64,92,149 'method':28 'mode':7 'mounts':117 'multilayer':24,107 'multiple':12 'n':58 'number':15 'of':16,39,49,73,87 'on':142 'on-the-go':141 'optical':99 'or':130 'perfect':139 'photography':150 'pieces':20 'portable':59 'reduce':113 'reflection':110 'screw':120 'size':34,124 'support':45 'the':37,143 'thread':30,32,121,123 'to':4,112,136 'translator':55 'ultra':46,81 'ultra-wide':80 'ups':98 'via':118 'view':43,74,85 'vision':50,88 'w3':1 'wide':47,62,82,146 'wide-angle':61,145 'with':67,106 'x':14,77 'your':71 ' expands':70 '—':138",4,/uploads/products/w3/cover.jpg,[],16.65625
2026-07-20 08:39:41.462591+08,2026-07-22 16:01:37.957692+08,0,,admin,4,hdv544km,HDV544KM,"<h6>Video Resolution up to 4K 60FPS<br />
up to 48MP Interpolation<br />
With IR fill light<br />
3.0 inch capacitive touch screen<br />
WIFI wireless transmission **Support for HDMI<br />
Six-axis anti-shaking<br />
Remote operation</h6>
","<p>The HDV544KM high-performance digital camcorder delivers exceptional video and photo quality with its 4K 60FPS ultra-smooth recording capability and up to 48MP interpolated photography. Equipped with a dedicated IR fill light, it captures clear footage even in complete darkness. The 3.0-inch capacitive touchscreen provides intuitive operation, while the advanced 6-axis anti-shaking system ensures stable, jitter-free shots. Featuring WiFi wireless transmission, HDMI output support and convenient remote operation, it is the perfect choice for family event recording, travel vlogging, content creation and professional shooting scenarios.</p>
",,,CNY,instock,PUBLISHED,"'3.0':16,79 '48mp':10,60 '4k':6,50 '6':89 '60fps':7,51 'a':65 'advanced':88 'and':45,57,108,125 'anti':31,92 'anti-shaking':30,91 'axis':29,90 'camcorder':41 'capability':56 'capacitive':18,81 'captures':71 'choice':116 'clear':72 'complete':76 'content':123 'convenient':109 'creation':124 'darkness':77 'dedicated':66 'delivers':42 'digital':40 'ensures':95 'equipped':63 'even':74 'event':119 'exceptional':43 'family':118 'featuring':101 'fill':14,68 'footage':73 'for':25,117 'free':99 'hdmi':26,105 'hdv544km':1,36 'high':38 'high-performance':37 'in':75 'inch':17,80 'interpolated':61 'interpolation':11 'intuitive':84 'ir':13,67 'is':113 'it':70,112 'its':49 'jitter':98 'jitter-free':97 'light':15,69 'operation':34,85,111 'output':106 'perfect':115 'performance':39 'photo':46 'photography':62 'professional':126 'provides':83 'quality':47 'recording':55,120 'remote':33,110 'resolution':3 'scenarios':128 'screen':20 'shaking':32,93 'shooting':127 'shots':100 'six':28 'six-axis':27 'smooth':54 'stable':96 'support':24,107 'system':94 'the':35,78,87,114 'to':5,9,59 'touch':19 'touchscreen':82 'transmission':23,104 'travel':121 'ultra':53 'ultra-smooth':52 'up':4,8,58 'video':2,44 'vlogging':122 'while':86 'wifi':21,102 'wireless':22,103 'with':12,48,64",6,/uploads/products/hdv544km/cover.webp,[],39.96528660133481
2026-07-20 08:39:41.695099+08,2026-07-24 14:52:14.615692+08,0,,admin,38,dc302,DC302,"<p>Digital video (4K)<br />
Digital camera (64 Mega pixels)<br />
Mass storage (Removable disk)<br />
16X powerful zoom<br />
Auto focus<br />
Web camera</p>
","<p>DC308 Digital Camera The DC308 is a powerful and versatile compact digital camera, ideal for daily shooting and content creation. It supports stunning 4K ultra-high-definition video recording and captures crisp 64-megapixel still images. Boasting 16X powerful zoom, it brings distant subjects closer with clarity. Equipped with auto focus, it ensures sharp and precise framing in every shot. Additionally, it offers convenient mass storage via a removable disk and practical web camera functionality, seamlessly adapting to both photography and streaming needs.</p>
",,,CNY,instock,PUBLISHED,"'16x':14,59 '4k':4,44 '64':7,54 'a':27,89 'adapting':98 'additionally':82 'and':29,38,51,76,92,102 'auto':17,71 'boasting':58 'both':100 'brings':63 'camera':6,20,23,33,95 'captures':52 'clarity':68 'closer':66 'compact':31 'content':39 'convenient':85 'creation':40 'crisp':53 'daily':36 'dc302':1 'dc308':21,25 'definition':48 'digital':2,5,22,32 'disk':13,91 'distant':64 'ensures':74 'equipped':69 'every':80 'focus':18,72 'for':35 'framing':78 'functionality':96 'high':47 'ideal':34 'images':57 'in':79 'is':26 'it':41,62,73,83 'mass':10,86 'mega':8 'megapixel':55 'needs':104 'offers':84 'photography':101 'pixels':9 'powerful':15,28,60 'practical':93 'precise':77 'recording':50 'removable':12,90 'seamlessly':97 'sharp':75 'shooting':37 'shot':81 'still':56 'storage':11,87 'streaming':103 'stunning':43 'subjects':65 'supports':42 'the':24 'to':99 'ultra':46 'ultra-high-definition':45 'versatile':30 'via':88 'video':3,49 'web':19,94 'with':67,70 'zoom':16,61",2,/uploads/products/dc302/cover.webp,[],20.763782587833703
2026-07-20 08:39:41.595057+08,2026-07-22 13:46:43.666216+08,0,,admin,22,dc226,DC226,"<h6>Front and rear dual camera<br />
The front camera has a SONY IMX586 48 million image sensor, Support optical zoom<br />
The rear selfie camera uses a SONY IMX386 12 million image sensor<br />
UP to 8K 7680*4320(15FPS) Video resolution<br />
Up to 88MP interpolation）<br />
Highlight LED flash<br />
3.2inch 1024*768 IPS HD display<br />
Supports HDMI output<br />
Support for external microphones<br />
Supports electronic anti shaking, with built-in 6-axis gyroscope<br />
External hot shoe hold","<div>The DC226 is a full-featured digital camera with a front-rear dual camera system: the front camera uses a SONY IMX586 48MP image sensor with optical zoom, and the rear selfie camera adopts a SONY IMX386 12MP <a href=""http://sensor.It"" target=""_blank"">sensor.It</a> supports up to 8K 7680×4320@15FPS video recording and 88MP interpolated imaging. Equipped with a 3.2-inch 1024×768 IPS HD display, it supports HDMI output, external microphone connectivity and WiFi image transmission. It also features electronic image stabilization with a built-in 6-axis gyroscope, a flash-compatible external hot shoe, a high-brightness LED flash, and a low-light focus assist light.</div>
",,,CNY,instock,PUBLISHED,"'1024':50 '1024×768':135 '12':29 '12mp':116 '15fps':38,123 '3.2':48,133 '4320':37 '48':14 '48mp':101 '6':70,161 '768':51 '7680':36 '7680×4320':122 '88mp':43,127 '8k':35,121 'a':11,26,80,87,98,113,132,157,164,171,178 'adopts':112 'also':151 'and':3,107,126,146,177 'anti':64 'assist':183 'axis':71,162 'brightness':174 'built':68,159 'built-in':67,158 'camera':6,9,24,85,92,96,111 'compatible':167 'connectivity':145 'dc226':1,78 'digital':84 'display':54,138 'dual':5,91 'electronic':63,153 'equipped':130 'external':60,73,143,168 'featured':83 'features':152 'flash':47,166,176 'flash-compatible':165 'focus':182 'for':59 'front':2,8,89,95 'front-rear':88 'full':82 'full-featured':81 'gyroscope':72,163 'has':10 'hd':53,137 'hdmi':56,141 'high':173 'high-brightness':172 'highlight':45 'hold':76 'hot':74,169 'image':16,31,102,148,154 'imaging':129 'imx386':28,115 'imx586':13,100 'in':69,160 'inch':49,134 'interpolated':128 'interpolation）':44 'ips':52,136 'is':79 'it':139,150 'led':46,175 'light':181,184 'low':180 'low-light':179 'microphone':144 'microphones':61 'million':15,30 'optical':19,105 'output':57,142 'rear':4,22,90,109 'recording':125 'resolution':40 'selfie':23,110 'sensor':17,32,103 'sensor.it':117 'shaking':65 'shoe':75,170 'sony':12,27,99,114 'stabilization':155 'support':18,58 'supports':55,62,118,140 'system':93 'the':7,21,77,94,108 'to':34,42,120 'transmission':149 'up':33,41,119 'uses':25,97 'video':39,124 'wifi':147 'with':66,86,104,131,156 'zoom':20,106",5,/uploads/products/dc226/cover.webp,[],8
2026-07-20 08:39:41.476827+08,2026-07-22 16:01:37.758583+08,0,,admin,6,dc218l,DC218L,"<h6>Digital Camera (4K)<br />
Digital Camera (64 megapixels resolution)<br />
20 creative filter effects<br />
16X digital zoom<br />
Auto focus<br />
Webcam function<br />
Front and rear dual 13 megapixels CMOS sensor</h6>
","<p>DC218L digital camera comes with 4K video recording and 64MP high-resolution image performance, built-in front and rear dual 13MP CMOS sensors for richer imaging details. It supports 16X digital zoom and precise auto focus to capture distant scenery and fleeting moments effortlessly. Equipped with 20 creative filter effects to enrich your photographic style, it also works perfectly as a webcam for online meetings, live streaming and video calls. Compact and practical, ideal for daily shooting, travel recording and social media content creation.</p>
",,,CNY,instock,PUBLISHED,"'13':25 '13mp':51 '16x':14,60 '20':10,77 '4k':4,34 '64':7 '64mp':38 'a':91 'also':87 'and':22,37,48,63,71,98,102,110 'as':90 'auto':17,65 'built':45 'built-in':44 'calls':100 'camera':3,6,31 'capture':68 'cmos':27,52 'comes':32 'compact':101 'content':113 'creation':114 'creative':11,78 'daily':106 'dc218l':1,29 'details':57 'digital':2,5,15,30,61 'distant':69 'dual':24,50 'effects':13,80 'effortlessly':74 'enrich':82 'equipped':75 'filter':12,79 'fleeting':72 'focus':18,66 'for':54,93,105 'front':21,47 'function':20 'high':40 'high-resolution':39 'ideal':104 'image':42 'imaging':56 'in':46 'it':58,86 'live':96 'media':112 'meetings':95 'megapixels':8,26 'moments':73 'online':94 'perfectly':89 'performance':43 'photographic':84 'practical':103 'precise':64 'rear':23,49 'recording':36,109 'resolution':9,41 'richer':55 'scenery':70 'sensor':28 'sensors':53 'shooting':107 'social':111 'streaming':97 'style':85 'supports':59 'to':67,81 'travel':108 'video':35,99 'webcam':19,92 'with':33,76 'works':88 'your':83 'zoom':16,62",5,/uploads/products/dc218l/cover.webp,[],11.25
2026-07-20 08:39:41.455583+08,2026-07-22 16:01:37.958404+08,0,,admin,3,dc501j,DC501J,"<h6>Digital Camera (1080P)<br />
Small and portable, cute in shape<br />
Round shape, no angular settings, equipped with a cute and environmentally friendly silicone PC camera case<br />
Food grade ABS material, safe and non-toxic<br />
Built-in a variety of cartoon heads Posts can be switched at any time, making taking pictures fun and fun.<br />
There are wise games inside, so babies are no longer addicted to mobile phones and computers.<br />
Simple buttons, easy for babies to learn.<br />
Ba","<p>The DC501J is a specially designed digital camera for children, combining fun, safety and education in one adorable package. With its compact round shape and cute silicone PC protective case, it is easy for little hands to hold and carry. Made from food-grade ABS material, it is 100% safe and non-toxic for kids. This camera not only takes 1080P photos and videos but also features built-in cartoon stickers, educational games, and story/music playback functions. Simple button design makes it super easy for kids to operate, helping them develop creativity while keeping them away from smartphones and computers. Perfect gift for birthdays, holidays and special occasions for children aged 3 and up.</p>
",,,CNY,instock,PUBLISHED,"'100':130 '1080p':4,143 '3':195 'a':18,39,84 'abs':29,126 'addicted':67 'adorable':98 'aged':194 'also':148 'and':6,20,32,55,71,94,105,119,132,145,157,182,189,196 'angular':14 'any':49 'are':58,64 'at':48 'away':179 'ba':80 'babies':63,77 'be':46 'birthdays':187 'built':37,151 'built-in':36,150 'but':147 'button':162 'buttons':74 'camera':3,25,88,139 'can':45 'carry':120 'cartoon':42,153 'case':26,110 'children':90,193 'combining':91 'compact':102 'computers':72,183 'creativity':175 'cute':8,19,106 'dc501j':1,82 'design':163 'designed':86 'develop':174 'digital':2,87 'easy':75,113,167 'education':95 'educational':155 'environmentally':21 'equipped':16 'features':149 'food':27,124 'food-grade':123 'for':76,89,114,136,168,186,192 'friendly':22 'from':122,180 'fun':54,56,92 'functions':160 'games':60,156 'gift':185 'grade':28,125 'hands':116 'heads':43 'helping':172 'hold':118 'holidays':188 'in':9,38,96,152 'inside':61 'is':83,112,129 'it':111,128,165 'its':101 'keeping':177 'kids':137,169 'learn':79 'little':115 'longer':66 'made':121 'makes':164 'making':51 'material':30,127 'mobile':69 'no':13,65 'non':34,134 'non-toxic':33,133 'not':140 'occasions':191 'of':41 'one':97 'only':141 'operate':171 'package':99 'pc':24,108 'perfect':184 'phones':70 'photos':144 'pictures':53 'playback':159 'portable':7 'posts':44 'protective':109 'round':11,103 'safe':31,131 'safety':93 'settings':15 'shape':10,12,104 'silicone':23,107 'simple':73,161 'small':5 'smartphones':181 'so':62 'special':190 'specially':85 'stickers':154 'story/music':158 'super':166 'switched':47 'takes':142 'taking':52 'the':81 'them':173,178 'there':57 'this':138 'time':50 'to':68,78,117,170 'toxic':35,135 'up':197 'variety':40 'videos':146 'while':176 'wise':59 'with':17,100",3,/uploads/products/dc501j/cover.webp,[],40.96528660133481
2026-07-20 08:39:41.615315+08,2026-07-22 13:46:43.571531+08,0,,admin,25,dc202,DC202,"<h6>Video Resolution Up to 4K</h6>
<h6>Image Resolution Up to 64MP(Interpolation)</h6>
<h6>High Capacity Storage</h6>
<h6>16x Digital Zoom<br />
Hot Shoe (External Flahs Light/Microphone)</h6>
<h6>Auto Focus<br />
Built-in High Power LED Flash Light<br />
Support External Microphone</h6>
","<p>The DC202 all-in-one digital camera features 4K ultra-high-definition video recording and 64MP interpolated high-resolution photography. Its 16x digital zoom effortlessly captures distant scenery. Equipped with a professional hot shoe interface that supports external flash lights and microphones, plus a built-in high-power LED fill light, it delivers clear images even in low-light conditions. The autofocus system makes shooting effortless, and the high-capacity storage meets the needs of long-duration creation. It is the ideal choice for travel documentation, daily shooting, and vlogging.</p>
",,,CNY,instock,PUBLISHED,"'16x':16,61 '4k':6,46 '64mp':11,54 'a':70,83 'all':40 'all-in-one':39 'and':53,80,109,133 'auto':24 'autofocus':104 'built':27,85 'built-in':26,84 'camera':44 'capacity':14,113 'captures':65 'choice':127 'clear':95 'conditions':102 'creation':122 'daily':131 'dc202':1,38 'definition':50 'delivers':94 'digital':17,43,62 'distant':66 'documentation':130 'duration':121 'effortless':108 'effortlessly':64 'equipped':68 'even':97 'external':21,35,77 'features':45 'fill':91 'flahs':22 'flash':32,78 'focus':25 'for':128 'high':13,29,49,57,88,112 'high-capacity':111 'high-power':87 'high-resolution':56 'hot':19,72 'ideal':126 'image':7 'images':96 'in':28,41,86,98 'interface':74 'interpolated':55 'interpolation':12 'is':124 'it':93,123 'its':60 'led':31,90 'light':33,92,101 'light/microphone':23 'lights':79 'long':120 'long-duration':119 'low':100 'low-light':99 'makes':106 'meets':115 'microphone':36 'microphones':81 'needs':117 'of':118 'one':42 'photography':59 'plus':82 'power':30,89 'professional':71 'recording':52 'resolution':3,8,58 'scenery':67 'shoe':20,73 'shooting':107,132 'storage':15,114 'support':34 'supports':76 'system':105 'that':75 'the':37,103,110,116,125 'to':5,10 'travel':129 'ultra':48 'ultra-high-definition':47 'up':4,9 'video':2,51 'vlogging':134 'with':69 'zoom':18,63",5,/uploads/products/dc202/cover.webp,[],5
2026-07-20 08:39:41.588853+08,2026-07-22 13:46:43.666389+08,0,,admin,21,dc208n,DC208N,"<h6>Digital video (5K)<br />
Digital camera (64 Mega pixels)<br />
720*1280, IPS, 3.6-inch high-definition display screen<br />
3.6-inch capacitive touch screen<br />
Automatic lens door<br />
Hidden LED fill light<br />
Dual front and rear cameras<br />
Auto focus<br />
Web camera</h6>
","<p>The DC208N is a versatile compact digital camera, supporting 5K digital video recording and 64-megapixel still shooting. It features a 3.6-inch 1280×720 IPS HD capacitive touch screen, an automatic lens door, and a hidden LED fill light. Equipped with front and rear dual cameras and auto focus capability, it also supports web camera mode to meet diverse shooting and daily usage needs.</p>
",,,CNY,instock,PUBLISHED,"'1280':11 '1280×720':64 '3.6':13,20,62 '5k':4,50 '64':7,55 '720':10 'a':44,61,75 'also':92 'an':70 'and':34,54,74,83,87,101 'auto':37,88 'automatic':25,71 'camera':6,40,48,95 'cameras':36,86 'capability':90 'capacitive':22,67 'compact':46 'daily':102 'dc208n':1,42 'definition':17 'digital':2,5,47,51 'display':18 'diverse':99 'door':27,73 'dual':32,85 'equipped':80 'features':60 'fill':30,78 'focus':38,89 'front':33,82 'hd':66 'hidden':28,76 'high':16 'high-definition':15 'inch':14,21,63 'ips':12,65 'is':43 'it':59,91 'led':29,77 'lens':26,72 'light':31,79 'meet':98 'mega':8 'megapixel':56 'mode':96 'needs':104 'pixels':9 'rear':35,84 'recording':53 'screen':19,24,69 'shooting':58,100 'still':57 'supporting':49 'supports':93 'the':41 'to':97 'touch':23,68 'usage':103 'versatile':45 'video':3,52 'web':39,94 'with':81",5,/uploads/products/dc208n/cover.webp,[],9
2026-07-20 08:39:41.608592+08,2026-07-22 13:46:43.665616+08,0,,admin,24,dc205x,DC205X,"<h6>Front and rear dual camera<br />
The front camera has a SONY IMX415 8 million image sensor, 6X Optical Zoom<br />
The rear selfie camera uses a 12M Sony image sensor IMX386<br />
UP to 5K(5120×2880) 30FPS Video resolution<br />
Up to 64MP interpolation）<br />
Highlight LED flash</h6>
<h6>WiFi image transmission<br />
2.8inch IPS HD display<br />
Support for external microphones<br />
Supports electronic anti shaking, with built-in 6-axis gyroscope<br />
External hot shoe holder (can be conne","<div>The DC205x is a compact, versatile digital camera for daily shooting and content creation, featuring a front-rear dual camera system. Its front camera uses a SONY IMX415 8MP image sensor with 6X optical zoom, and the rear selfie camera is equipped with a 12MP SONY IMX386 <a href=""http://sensor.It"" target=""_blank"">sensor.It</a> supports up to 5K 5120×2880@30FPS video recording and max 64MP interpolated imaging. The camera comes with a 2.8-inch IPS HD display, WiFi image transmission, and external microphone support. It also has electronic image stabilization with a built-in 6-axis gyroscope, a flash-compatible external hot shoe, a high-brightness LED flash, and a low-light focus assist light.</div>
<div></div>
",,,CNY,instock,PUBLISHED,"'12m':27 '12mp':121 '2.8':49,143 '30fps':36,130 '5120×2880':35,129 '5k':34,128 '6':66,166 '64mp':41,135 '6x':18,109 '8':14 '8mp':105 'a':11,26,79,91,102,120,142,162,169,176,183 'also':156 'and':3,87,112,133,151,182 'anti':60 'assist':188 'axis':67,167 'be':74 'brightness':179 'built':64,164 'built-in':63,163 'camera':6,9,24,83,96,100,116,139 'can':73 'comes':140 'compact':80 'compatible':172 'conne':75 'content':88 'creation':89 'daily':85 'dc205x':1,77 'digital':82 'display':53,147 'dual':5,95 'electronic':59,158 'equipped':118 'external':56,69,152,173 'featuring':90 'flash':45,171,181 'flash-compatible':170 'focus':187 'for':55,84 'front':2,8,93,99 'front-rear':92 'gyroscope':68,168 'has':10,157 'hd':52,146 'high':178 'high-brightness':177 'highlight':43 'holder':72 'hot':70,174 'image':16,29,47,106,149,159 'imaging':137 'imx386':31,123 'imx415':13,104 'in':65,165 'inch':50,144 'interpolated':136 'interpolation）':42 'ips':51,145 'is':78,117 'it':155 'its':98 'led':44,180 'light':186,189 'low':185 'low-light':184 'max':134 'microphone':153 'microphones':57 'million':15 'optical':19,110 'rear':4,22,94,114 'recording':132 'resolution':38 'selfie':23,115 'sensor':17,30,107 'sensor.it':124 'shaking':61 'shoe':71,175 'shooting':86 'sony':12,28,103,122 'stabilization':160 'support':54,154 'supports':58,125 'system':97 'the':7,21,76,113,138 'to':33,40,127 'transmission':48,150 'up':32,39,126 'uses':25,101 'versatile':81 'video':37,131 'wifi':46,148 'with':62,108,119,141,161 'zoom':20,111",5,/uploads/products/dc205x/cover.webp,[],6
2026-07-20 08:39:41.499871+08,2026-07-24 14:52:14.699438+08,0,,admin,8,dc312x,DC312X,"<h6>Front and rear dual camera<br />
Front camera features a SONY IMX858 50MP 1/2.5-inch image sensor, 6X optical zoom, with autofocus support.<br />
The rear selfie camera uses a 13M Sony image sensor IMX214<br />
UP to 8K 7680*4320 (15FPS) Video resolution<br />
Up to 88MP interpolation<br />
Built-in high-power LED flash​<br />
2.8inch 640*480 IPS HD touchscreen display​<br />
Supports electronic anti shaking, with built-in 5-axis gyroscope<br />
Supports 30 fps high-speed burst shooting<br /","<p>DC312X is equipped with front and rear dual cameras. The front adopts Sony IMX858 50MP 1/2.5-inch sensor with 6X optical zoom and autofocus, while the rear selfie camera uses 13MP Sony IMX214. It supports 8K 7680×4320 video at 15FPS and 88MP interpolated photography. Featuring a built-in high-power LED flash, 2.8-inch 640*480 IPS HD touchscreen, 5-axis gyro electronic anti-shake, 30fps high-speed burst shooting, HDR and Wi-Fi image transmission.</p>
",,,CNY,instock,PUBLISHED,"'1/2.5-inch':14,97 '13m':29 '13mp':111 '15fps':39,120 '2.8':54,135 '30':74 '30fps':149 '4320':38 '480':57,138 '5':70,142 '50mp':13,96 '640':56,137 '6x':17,100 '7680':37 '7680×4320':117 '88mp':44,122 '8k':36,116 'a':10,28,126 'adopts':93 'and':3,87,103,121,156 'anti':64,147 'anti-shake':146 'at':119 'autofocus':21,104 'axis':71,143 'br':81 'built':47,68,128 'built-in':46,67,127 'burst':79,153 'camera':6,8,26,109 'cameras':90 'dc312x':1,82 'display​':61 'dual':5,89 'electronic':63,145 'equipped':84 'features':9 'featuring':125 'fi':159 'flash':134 'flash​':53 'fps':75 'front':2,7,86,92 'gyro':144 'gyroscope':72 'hd':59,140 'hdr':155 'high':50,77,131,151 'high-power':49,130 'high-speed':76,150 'image':15,31,160 'imx214':33,113 'imx858':12,95 'in':48,69,129 'inch':55,136 'interpolated':123 'interpolation':45 'ips':58,139 'is':83 'it':114 'led':52,133 'optical':18,101 'photography':124 'power':51,132 'rear':4,24,88,107 'resolution':41 'selfie':25,108 'sensor':16,32,98 'shake':148 'shaking':65 'shooting':80,154 'sony':11,30,94,112 'speed':78,152 'support':22 'supports':62,73,115 'the':23,91,106 'to':35,43 'touchscreen':60,141 'transmission':161 'up':34,42 'uses':27,110 'video':40,118 'while':105 'wi':158 'wi-fi':157 'with':20,66,85,99 'zoom':19,102",2,/uploads/products/dc312x/cover.jpg,[],37.551030933856964
2026-07-20 08:39:41.639573+08,2026-07-22 16:01:37.895026+08,0,,admin,29,dc506,DC506,"<h6>Web camera<br />
Children&#8217;s camera<br />
Digital camera (48 Mega pixels)<br />
LED fill light<br />
Dual front and rear cameras<br />
Fixed Focus<br />
Instant photo printing</h6>
","<div>
<div class=""ace-line ace-line old-record-id-Aj3mfB0PrduFSjcLehacJy1FnLd"">The DC506 is a child-friendly digital camera for young photographers, featuring 48-megapixel imaging, front and rear dual cameras, and an LED fill light for clear shots in dim environments. With a user-friendly fixed focus design, it also functions as a web camera and supports instant photo printing, letting kids enjoy capturing and printing their favorite moments easily.</div>
</div>
",,,CNY,instock,PUBLISHED,"'48':9,38 'a':28,58,69 'also':66 'an':47 'and':17,42,46,72,81 'as':68 'camera':3,6,8,33,71 'cameras':19,45 'capturing':80 'child':30 'child-friendly':29 'children':4 'clear':52 'dc506':1,26 'design':64 'digital':7,32 'dim':55 'dual':15,44 'easily':86 'enjoy':79 'environments':56 'favorite':84 'featuring':37 'fill':13,49 'fixed':20,62 'focus':21,63 'for':34,51 'friendly':31,61 'front':16,41 'functions':67 'imaging':40 'in':54 'instant':22,74 'is':27 'it':65 'kids':78 'led':12,48 'letting':77 'light':14,50 'mega':10 'megapixel':39 'moments':85 'photo':23,75 'photographers':36 'pixels':11 'printing':24,76,82 'rear':18,43 's':5 'shots':53 'supports':73 'the':25 'their':83 'user':60 'user-friendly':59 'web':2,70 'with':57 'young':35",3,/uploads/products/dc506/cover.webp,[],28.906959533691406
2026-07-20 08:39:41.583148+08,2026-07-22 13:46:43.666546+08,0,,admin,20,dc209x,DC209X,"<h6>8X optical zoom lens<br />
Video recording resolution (5K/25FPS)<br />
Digital camera (64MP)<br />
720*1280 IPS HD capacitive touch screen, support two-finger zoom<br />
EIS electronic stabilization<br />
Lens ring ring manual zoom, focusing<br />
Customized area focus<br />
Full color night vision<br />
Front and rear dual lens<br />
Autofocus<br />
WiFi wireless connection</h6>
","<p>This compact digital camera features an 8X optical zoom lens, 64MP high-resolution sensor and 5K/25FPS video recording. It comes with EIS electronic stabilization, full-color night vision, front and rear dual lenses, fast autofocus and customizable area focus. The tactile lens ring allows manual zoom and focusing, while the 720×1280 IPS HD touch screen supports two-finger zoom. Built-in WiFi enables instant file transfer and remote control.</p>
<div class=""notranslate""></div>
",,,CNY,instock,PUBLISHED,"'1280':14 '5k/25fps':9,66 '64mp':12,60 '720':13 '720×1280':102 '8x':2,56 'allows':95 'an':55 'and':42,65,81,87,98,120 'area':35,89 'autofocus':46,86 'built':113 'built-in':112 'camera':11,53 'capacitive':17 'color':38,77 'comes':70 'compact':51 'connection':49 'control':122 'customizable':88 'customized':34 'dc209x':1 'digital':10,52 'dual':44,83 'eis':25,72 'electronic':26,73 'enables':116 'fast':85 'features':54 'file':118 'finger':23,110 'focus':36,90 'focusing':33,99 'front':41,80 'full':37,76 'full-color':75 'hd':16,104 'high':62 'high-resolution':61 'in':114 'instant':117 'ips':15,103 'it':69 'lens':5,28,45,59,93 'lenses':84 'manual':31,96 'night':39,78 'optical':3,57 'rear':43,82 'recording':7,68 'remote':121 'resolution':8,63 'ring':29,30,94 'screen':19,106 'sensor':64 'stabilization':27,74 'support':20 'supports':107 'tactile':92 'the':91,101 'this':50 'touch':18,105 'transfer':119 'two':22,109 'two-finger':21,108 'video':6,67 'vision':40,79 'while':100 'wifi':47,115 'wireless':48 'with':71 'zoom':4,24,32,58,97,111",5,/uploads/products/dc209x/cover.webp,[],10
2026-07-20 08:39:41.707235+08,2026-07-24 14:52:14.615587+08,0,,admin,40,dc402,DC402,"<h6>Digital video (2.7K)<br />
Digital camera (44 Mega pixels)<br />
Mass storage (Removable disk)<br />
16X powerful zoom</h6>
","<p>DC402 Digital Camera The DC402 is a compact and easy-to-use digital camera that supports 2.7K video recording and 44MP high-resolution photography. It features 16X powerful zoom and mass storage via removable disk, making it ideal for daily shooting.</p>
",,,CNY,instock,PUBLISHED,"'16x':15,47 '2.7':4,35 '44':8 '44mp':40 'a':24 'and':26,39,50 'camera':7,20,32 'compact':25 'daily':60 'dc402':1,18,22 'digital':2,6,19,31 'disk':14,55 'easy':28 'easy-to-use':27 'features':46 'for':59 'high':42 'high-resolution':41 'ideal':58 'is':23 'it':45,57 'k':5,36 'making':56 'mass':11,51 'mega':9 'photography':44 'pixels':10 'powerful':16,48 'recording':38 'removable':13,54 'resolution':43 'shooting':61 'storage':12,52 'supports':34 'that':33 'the':21 'to':29 'use':30 'via':53 'video':3,37 'zoom':17,49",2,/uploads/products/dc402/cover.webp,[],20.467994863167405
2026-07-20 08:39:41.71275+08,2026-07-24 14:52:14.614975+08,0,,admin,41,dc403,DC403,"<h6>High video resolution (1920x1080P)<br />
High pixel image (44 Mega pixels)<br />
Mass storage (Removable disk)<br />
16X digital zoom<br />
Web camera</h6>
","<p>The DC403 is a portable entry-level compact digital camera, supporting 1920×1080P full HD video recording and 44-megapixel high-resolution still photography. It is equipped with 16X digital zoom, mass storage via a removable disk, and also features web camera functionality to meet daily shooting and online usage needs.</p>
",,,CNY,instock,PUBLISHED,"'16x':16,50 '1920x1080p':5 '1920×1080p':33 '44':9,39 'a':24,56 'also':60 'and':38,59,69 'camera':20,31,63 'compact':29 'daily':67 'dc403':1,22 'digital':17,30,51 'disk':15,58 'entry':27 'entry-level':26 'equipped':48 'features':61 'full':34 'functionality':64 'hd':35 'high':2,6,42 'high-resolution':41 'image':8 'is':23,47 'it':46 'level':28 'mass':12,53 'meet':66 'mega':10 'megapixel':40 'needs':72 'online':70 'photography':45 'pixel':7 'pixels':11 'portable':25 'recording':37 'removable':14,57 'resolution':4,43 'shooting':68 'still':44 'storage':13,54 'supporting':32 'the':21 'to':65 'usage':71 'via':55 'video':3,36 'web':19,62 'with':49 'zoom':18,52",2,/uploads/products/dc403/cover.webp,[],26.68927140533924
2026-07-20 08:39:41.64605+08,2026-07-22 16:01:37.894509+08,0,,admin,30,dc503j,DC503J,"<h6>12 million pixels</h6>
<h6>1920*1080 video resolution</h6>
<h6>A variety of photo sticker styles are available</h6>
<h6>Instant print, one-key printing is simple and fast</h6>
<h6>3 levels of print density can be adjusted to make the print quality clearer</h6>
<h6>Long battery life, built-in 1000mAh large battery</h6>
","<div>
<div class=""ace-line ace-line old-record-id-SovJfNcKcd0XoFcLsyrcJFcQnlg"">The DC503J is a user-friendly children&#8217;s camera designed to inspire kids&#8217; interest in photography. It has 12-megapixel imaging and 1920×1080 HD video resolution to capture clear moments. With various cute photo stickers for fun, it supports simple one-key instant printing and 3 adjustable print density levels for clearer results. Its built-in 1000mAh battery ensures long battery life for extended photography fun.</div>
</div>
",,,CNY,instock,PUBLISHED,"'1000mah':47,109 '1080':6 '12':2,69 '1920':5 '1920×1080':73 '3':27,97 'a':9,53 'adjustable':98 'adjusted':34 'and':25,72,96 'are':15 'available':16 'battery':42,49,110,113 'be':33 'built':45,107 'built-in':44,106 'camera':59 'can':32 'capture':78 'children':57 'clear':79 'clearer':40,103 'cute':83 'dc503j':1,51 'density':31,100 'designed':60 'ensures':111 'extended':116 'fast':26 'for':86,102,115 'friendly':56 'fun':87,118 'has':68 'hd':74 'imaging':71 'in':46,65,108 'inspire':62 'instant':17,94 'interest':64 'is':23,52 'it':67,88 'its':105 'key':21,93 'kids':63 'large':48 'levels':28,101 'life':43,114 'long':41,112 'make':36 'megapixel':70 'million':3 'moments':80 'of':11,29 'one':20,92 'one-key':19,91 'photo':12,84 'photography':66,117 'pixels':4 'print':18,30,38,99 'printing':22,95 'quality':39 'resolution':8,76 'results':104 's':58 'simple':24,90 'sticker':13 'stickers':85 'styles':14 'supports':89 'the':37,50 'to':35,61,77 'user':55 'user-friendly':54 'variety':10 'various':82 'video':7,75 'with':81",3,/uploads/products/dc503j/cover.webp,[],27.813919067382812
2026-07-20 08:39:41.681816+08,2026-07-24 14:52:14.658228+08,0,,admin,36,dc306l,DC306L,"<h6>Digital video (4K)<br />
Digital camera (48 Mega pixels)<br />
LED fill light<br />
Dual front and rear cameras<br />
Auto focus<br />
Web camera</h6>
","<p>The DC306L is a compact digital camera featuring 4K video recording, 48MP high-resolution imaging, front and rear dual cameras, auto focus, LED fill light, and web camera function.</p>
",,,CNY,instock,PUBLISHED,"'48':7 '48mp':33 '4k':4,30 'a':25 'and':15,39,48 'auto':18,43 'camera':6,21,28,50 'cameras':17,42 'compact':26 'dc306l':1,23 'digital':2,5,27 'dual':13,41 'featuring':29 'fill':11,46 'focus':19,44 'front':14,38 'function':51 'high':35 'high-resolution':34 'imaging':37 'is':24 'led':10,45 'light':12,47 'mega':8 'pixels':9 'rear':16,40 'recording':32 'resolution':36 'the':22 'video':3,31 'web':20,49",2,/uploads/products/dc306l/cover.webp,[],22.208767912583426
2026-07-20 08:39:41.670576+08,2026-07-24 14:52:14.659778+08,0,,admin,34,dc309x,DC309X,"<h6>Front and rear dual camera<br />
The front camera has a GC8613 GC8613  8 million image sensor, 6X Optical Zoom, Support optical zoom<br />
The rear selfie camera uses a 13M Sony image sensor IMX214<br />
UP to 5K 5120*2880(30FPS) Video resolution<br />
Up to 64MP interpolation）<br />
Highlight LED flash<br />
2.8inch 640*480 IPS HD display<br />
Supports electronic anti shaking, with built-in 6-axis gyroscope</h6>
","<p>This device adopts front and rear dual cameras: the front camera is equipped with GC8613 8MP image sensor and supports 6X optical zoom, while the rear selfie camera uses Sony IMX214 13MP image sensor. It delivers up to 5K 5120*2880@30FPS video resolution and up to 64MP interpolated photography, fitted with a highlight LED flash and a 2.8-inch 640*480 IPS HD display. Built with a 6-axis gyroscope, it also supports electronic anti-shaking for stable and smooth shooting.</p>
",,,CNY,instock,PUBLISHED,"'13m':30 '13mp':99 '2.8':50,126 '2880':39,108 '30fps':40,109 '480':53,129 '5120':38,107 '5k':37,106 '6':65,136 '640':52,128 '64mp':45,115 '6x':18,88 '8':14 '8mp':83 'a':11,29,120,125,135 'adopts':70 'also':140 'and':3,72,86,112,124,148 'anti':59,144 'anti-shaking':143 'axis':66,137 'built':63,133 'built-in':62 'camera':6,9,27,78,95 'cameras':75 'dc309x':1 'delivers':103 'device':69 'display':56,132 'dual':5,74 'electronic':58,142 'equipped':80 'fitted':118 'flash':49,123 'for':146 'front':2,8,71,77 'gc8613':12,82 'gc8613 ':13 'gyroscope':67,138 'has':10 'hd':55,131 'highlight':47,121 'image':16,32,84,100 'imx214':34,98 'in':64 'inch':51,127 'interpolated':116 'interpolation）':46 'ips':54,130 'is':79 'it':102,139 'led':48,122 'million':15 'optical':19,22,89 'photography':117 'rear':4,25,73,93 'resolution':42,111 'selfie':26,94 'sensor':17,33,85,101 'shaking':60,145 'shooting':150 'smooth':149 'sony':31,97 'stable':147 'support':21 'supports':57,87,141 'the':7,24,76,92 'this':68 'to':36,44,105,114 'up':35,43,104,113 'uses':28,96 'video':41,110 'while':91 'with':61,81,119,134 'zoom':20,23,90",2,/uploads/products/dc309x/cover.jpg,[],24.182624107052106
2026-07-20 08:39:41.438192+08,2026-07-22 16:01:37.959441+08,0,,admin,1,dc106,DC106Y | Flip-top camera,"<h6>Flip-top camera</h6>
<h6>digital camera (8K)<br />
13.0MP digital camera<br />
IPS 2.8-inch display<br />
Beauty selfie<br />
Wi-Fi wireless connection<br />
Built-in LED fill light<br />
Auto focus<br />
Webcam function</h6>
","<p>DC106Y features a practical flip-top body paired with powerful 8K video recording and 13MP photo shooting capability. Equipped with a 2.8-inch IPS display, auto focus and built-in LED fill light, it delivers bright, sharp selfies with dedicated beauty retouch mode. Built-in Wi-Fi enables quick wireless file transfer to mobile devices. It also doubles as a high-quality webcam for live streaming, video calls and online meetings. Compact and versatile, this flip digital camera is ideal for daily vlogging, travel snaps and social media content creation.</p>
","",,CNY,instock,PUBLISHED,"'13.0':13 '13mp':53 '2.8':18,60 '8k':12,49 'a':40,59,101 'also':98 'and':52,66,111,115,128 'as':100 'auto':34,64 'beauty':21,80 'body':45 'bright':75 'built':29,68,84 'built-in':28,67,83 'calls':110 'camera':5,9,11,16,120 'capability':56 'compact':114 'connection':27 'content':131 'creation':132 'daily':124 'dc106y':1,38 'dedicated':79 'delivers':74 'devices':96 'digital':10,15,119 'display':20,63 'doubles':99 'enables':89 'equipped':57 'features':39 'fi':25,88 'file':92 'fill':32,71 'flip':3,7,43,118 'flip-top':2,6,42 'focus':35,65 'for':106,123 'function':37 'high':103 'high-quality':102 'ideal':122 'in':30,69,85 'inch':19,61 'ips':17,62 'is':121 'it':73,97 'led':31,70 'light':33,72 'live':107 'media':130 'meetings':113 'mobile':95 'mode':82 'mp':14 'online':112 'paired':46 'photo':54 'powerful':48 'practical':41 'quality':104 'quick':90 'recording':51 'retouch':81 'selfie':22 'selfies':77 'sharp':76 'shooting':55 'snaps':127 'social':129 'streaming':108 'this':117 'to':94 'top':4,8,44 'transfer':93 'travel':126 'versatile':116 'video':50,109 'vlogging':125 'webcam':36,105 'wi':24,87 'wi-fi':23,86 'wireless':26,91 'with':47,58,78",5,/uploads/products/dc106/cover.webp,[],-1
2026-07-20 08:39:41.621428+08,2026-07-22 13:46:43.558533+08,0,,admin,26,dc203,DC203,"<h6>Front and rear dual cameras: front camera 12M+rear camera 12M<br />
Front camera supports autofocus<br />
Video Resolution Up to 5K 5120*2880(30FPS)<br />
Image Resolution Up to 48MP(Interpolation)<br />
Built-in High Power LED Flash Light<br />
WiFi image transmission<br />
IPS display screen<br />
Support External Microphone<br />
Supports electronic anti shaking, with built-in 6-axis gyroscope<br />
Support for optical viewfinder<br />
External hot shoe holder (can be connected to Flash L","<p>The DC203 is a versatile compact digital camera, featuring a 12MP front + 12MP rear dual camera system with front autofocus. It supports up to 5K 5120×2880@30FPS video recording and max 48MP interpolated still imaging. It is equipped with an IPS display, WiFi image transmission, external microphone support, 6-axis gyroscope electronic image stabilization, an optical viewfinder, a built-in high-power LED flash, a flash-compatible external hot shoe, and a low-light focus assist light.</p>
",,,CNY,instock,PUBLISHED,"'12m':9,12 '12mp':83,85 '2880':23 '30fps':24,99 '48mp':29,104 '5120':22 '5120×2880':98 '5k':21,97 '6':56,121 'a':76,82,130,139,147 'an':112,127 'and':3,102,146 'anti':50 'assist':152 'autofocus':16,92 'axis':57,122 'be':68 'built':32,54,132 'built-in':31,53,131 'camera':8,11,14,80,88 'cameras':6 'can':67 'compact':78 'compatible':142 'connected':69 'dc203':1,74 'digital':79 'display':43,114 'dual':5,87 'electronic':49,124 'equipped':110 'external':46,63,118,143 'featuring':81 'flash':37,71,138,141 'flash-compatible':140 'focus':151 'for':60 'front':2,7,13,84,91 'gyroscope':58,123 'high':34,135 'high-power':134 'holder':66 'hot':64,144 'image':25,40,116,125 'imaging':107 'in':33,55,133 'interpolated':105 'interpolation':30 'ips':42,113 'is':75,109 'it':93,108 'l':72 'led':36,137 'light':38,150,153 'low':149 'low-light':148 'max':103 'microphone':47,119 'optical':61,128 'power':35,136 'rear':4,10,86 'recording':101 'resolution':18,26 'screen':44 'shaking':51 'shoe':65,145 'stabilization':126 'still':106 'support':45,59,120 'supports':15,48,94 'system':89 'the':73 'to':20,28,70,96 'transmission':41,117 'up':19,27,95 'versatile':77 'video':17,100 'viewfinder':62,129 'wifi':39,115 'with':52,90,111",5,/uploads/products/dc203/cover.webp,[],1
2026-07-20 08:39:41.718813+08,2026-07-24 14:52:14.615457+08,0,,admin,42,dc408x,DC408X,"<h6>Front and rear dual camera<br />
The front camera has a SONY IMX206 16 million image sensor, 5X Optical Zoom, Support optical zoom<br />
The rear selfie camera uses a 12M IMX386<br />
UP to 5K 5120*2880(30FPS) Video resolution<br />
Up to 64MP interpolation）<br />
Highlight LED flash<br />
2.8inch 640*480 IPS HD display<br />
Supports electronic anti shaking, with built-in 6-axis gyroscope<br />
In low light environments, the focus assist light can make the focus clearer</h6>
","<p>The DC408X is a compact digital camera with front and rear dual cameras. It features a 16MP SONY IMX206 front sensor with 5X optical zoom and a 12MP IMX386 rear selfie camera. It supports up to 5K 5120×2880@30FPS video and 64MP interpolated photos. It is equipped with a 2.8-inch 640×480 IPS HD display, highlight LED flash, 6-axis gyroscope electronic image stabilization, and a low-light focus assist light for clearer focusing.</p>
",,,CNY,instock,PUBLISHED,"'12m':30 '12mp':105 '16':14 '16mp':94 '2.8':47,127 '2880':36 '30fps':37,116 '480':50 '5120':35 '5120×2880':115 '5k':34,114 '5x':18,100 '6':62,136 '640':49 '640×480':129 '64mp':42,119 'a':11,29,81,93,104,126,143 'and':3,87,103,118,142 'anti':56 'assist':71,148 'axis':63,137 'built':60 'built-in':59 'camera':6,9,27,84,109 'cameras':90 'can':73 'clearer':77,151 'compact':82 'dc408x':1,79 'digital':83 'display':53,132 'dual':5,89 'electronic':55,139 'environments':68 'equipped':124 'features':92 'flash':46,135 'focus':70,76,147 'focusing':152 'for':150 'front':2,8,86,97 'gyroscope':64,138 'has':10 'hd':52,131 'highlight':44,133 'image':16,140 'imx206':13,96 'imx386':31,106 'in':61,65 'inch':48,128 'interpolated':120 'interpolation）':43 'ips':51,130 'is':80,123 'it':91,110,122 'led':45,134 'light':67,72,146,149 'low':66,145 'low-light':144 'make':74 'million':15 'optical':19,22,101 'photos':121 'rear':4,25,88,107 'resolution':39 'selfie':26,108 'sensor':17,98 'shaking':57 'sony':12,95 'stabilization':141 'support':21 'supports':54,111 'the':7,24,69,75,78 'to':33,41,113 'up':32,40,112 'uses':28 'video':38,117 'with':58,85,99,125 'zoom':20,23,102",2,/uploads/products/dc408x/cover.webp,[],20.83247410133481
2026-07-20 08:39:41.627537+08,2026-07-22 13:46:43.569545+08,0,,admin,27,dc201s,DC201S,"<h6>Auto Focus<br />
Video Resolution Up to 5K 5120*2880(30FPS)<br />
Image Resolution Up to 48MP(Interpolation)<br />
High Brightness White Fill Light<br />
Wifi Control<br />
IPS Display Screen<br />
Support External Microphone<br />
Support Digital Anti-Shaking, Built-in 6-Axis Gyroscope</h6>
","<p>The DC201S all-in-one digital camera delivers stunning 5K 5120×2880@30FPS video recording and crisp 48MP interpolated photography. Equipped with advanced autofocus and built-in 6-axis gyroscope digital anti-shaking, it ensures sharp, stable shots every time. Features include a high-brightness white fill light for low-light performance, WiFi remote control, a vibrant IPS display, and external microphone support. Perfect for travel vlogging, daily documentation, and casual photography.</p>
",,,CNY,instock,PUBLISHED,"'2880':10 '30fps':11,54 '48mp':16,59 '5120':9 '5120×2880':53 '5k':8,52 '6':39,70 'a':86,101 'advanced':64 'all':45 'all-in-one':44 'and':57,66,105,115 'anti':34,75 'anti-shaking':33,74 'auto':2 'autofocus':65 'axis':40,71 'brightness':19,89 'built':37,68 'built-in':36,67 'camera':49 'casual':116 'control':24,100 'crisp':58 'daily':113 'dc201s':1,43 'delivers':50 'digital':32,48,73 'display':26,104 'documentation':114 'ensures':78 'equipped':62 'every':82 'external':29,106 'features':84 'fill':21,91 'focus':3 'for':93,110 'gyroscope':41,72 'high':18,88 'high-brightness':87 'image':12 'in':38,46,69 'include':85 'interpolated':60 'interpolation':17 'ips':25,103 'it':77 'light':22,92,96 'low':95 'low-light':94 'microphone':30,107 'one':47 'perfect':109 'performance':97 'photography':61,117 'recording':56 'remote':99 'resolution':5,13 'screen':27 'shaking':35,76 'sharp':79 'shots':81 'stable':80 'stunning':51 'support':28,31,108 'the':42 'time':83 'to':7,15 'travel':111 'up':6,14 'vibrant':102 'video':4,55 'vlogging':112 'white':20,90 'wifi':23,98 'with':63",5,/uploads/products/dc201s/cover.webp,[],4
2026-07-20 08:39:41.658038+08,2026-07-24 14:52:14.660678+08,0,,admin,32,dc311,DC311,"<div data-page-id=""XCMPfCtk4dhTHxc7Sgmckhv6ncg"" data-lark-html-role=""root"" data-docx-has-block-data=""false"">
<h6 class=""ace-line ace-line old-record-id-BEqMfcvHYdrFxicCfUecDKJ0nYd"">High video resolution (1920×1080P)</h6>
<h6 class=""ace-line ace-line old-record-id-Dyxof4yEMdXVqPcsJ5McannVnJc"">High pixel image (48 million pixels)</h6>
<h6 class=""ace-line ace-line old-record-id-FMLzfIPHAdw813cb1eCc4vXTnX6"">Mass storage (Removable disk)</h6>
<h6 class=""ace-line ace-line old-record-id-MMtWfqFkvdnPimc","<p>The DC311 is a user-friendly compact digital camera, boasting high video resolution of 1920×1080P and 48 million-pixel high-definition still photography. It features 16X digital zoom, mass storage via a removable disk, and convenient web camera functionality for diverse daily shooting and online needs.</p>
",,,CNY,instock,PUBLISHED,"'16x':57 '1920×1080p':5,44 '48':9,46 'a':32,63 'ace':19,22 'ace-line':18,21 'and':45,66,75 'boasting':39 'camera':38,69 'class':17 'compact':36 'convenient':67 'daily':73 'dc311':1,30 'definition':52 'digital':37,58 'disk':15,65 'diverse':72 'features':56 'for':71 'friendly':35 'functionality':70 'h6':16 'high':2,6,40,51 'high-definition':50 'id':27 'image':8 'is':31 'it':55 'line':20,23 'mass':12,60 'million':10,48 'million-pixel':47 'mmtwfqfkvdnpimc':28 'needs':77 'of':43 'old':25 'old-record-id-mmtwfqfkvdnpimc':24 'online':76 'photography':54 'pixel':7,49 'pixels':11 'record':26 'removable':14,64 'resolution':4,42 'shooting':74 'still':53 'storage':13,61 'the':29 'user':34 'user-friendly':33 'via':62 'video':3,41 'web':68 'zoom':59",2,/uploads/products/dc311/cover.webp,[],29.81684970855713
2026-07-20 08:39:41.524766+08,2026-07-24 14:52:14.698412+08,0,,admin,11,dc413l,DC413L,"<h6>High video resolution (4K)<br />
High pixel image (64 Mega pixels)<br />
Mass storage (Removable disk)<br />
16X digital zoom<br />
Auto focus<br />
Web camera</h6>
<div id=""kiss-translator-box"" class=""notranslate""></div>
","<p>DC413L – Compact and versatile, this camera shoots ultra-sharp 4K video and stunning 64-megapixel photos. It features a 16X digital zoom, fast auto focus, and supports removable mass storage so you’ll never run out of space. Use it as a high-quality web camera for streaming or video calls. The perfect all-in-one tool for creators on the go.</p>
<div class=""notranslate""></div>
",,,CNY,instock,PUBLISHED,"'16x':16 '4k':5 '64':9 'a':58 'all':70 'all-in-one':69 'and':25,45 'as':57 'auto':19 'a 16x':40 'calls':66 'camera':22,28 'camera for':62 'compact':24 'creators':75 'dc413l':1 'dc413l –':23 'digital':17,41 'disk':15 'fast auto':43 'features':39 'focus':20,44 'for':74 'go':78 'high':2,6,60 'high-quality web':59 'image':8 'in':71 'it':38,56 'mass':12,47 'mega':10 'megapixel':36 'never':50 'of':53 'on':76 'one':72 'or':64 'out':52 'perfect':68 'photos':37 'pixel':7 'pixels':11 'quality web':61 'removable':14 'resolution':4 'run':51 'sharp 4k':32 'shoots':29 'space':54 'storage':13 'storage so':48 'streaming':63 'stunning 64':35 'stunning 64-megapixel':34 'supports removable':46 'the':67,77 'this':27 'tool':73 'ultra':31 'ultra-sharp 4k':30 'use':55 'versatile':26 'video':3,65 'video and':33 'web':21 'you’ll':49 'zoom':18,42",2,/uploads/products/dc413l/cover.webp,[],36.17148866504431
2026-07-20 08:39:41.531908+08,2026-07-24 14:52:14.698243+08,0,,admin,12,dc422x,DC422X,"<h6>Front and rear dual camera<br />
The front camera has a 8M Sony image sensor IMX214, 6X Optical Zoom<br />
The rear selfie camera uses a 13M Sony image sensor IMX214<br />
UP to 5K 5120*2880(20FPS) Video resolution<br />
Up to 96MP interpolation）<br />
Highlight LED flash<br />
2.8inch IPS HD display<br />
Auto Focus<br />
Webcam Functionality​</h6>
","<p>DC422X features front and rear dual Sony IMX214 cameras, with an 8MP front lens supporting 6X optical zoom and a 13MP rear selfie lens. It delivers up to 5K 5120×2880 video at 20FPS and 96MP interpolated photos. Equipped with a highlight LED flash, 2.8-inch IPS HD display, auto focus and webcam functionality for versatile daily shooting.</p>
",,,CNY,instock,PUBLISHED,"'13m':26 '13mp':75 '2.8':46,98 '20fps':36,87 '2880':35 '5120':34 '5120×2880':84 '5k':33,83 '6x':17,70 '8m':12 '8mp':66 '96mp':41,89 'a':11,25,74,94 'an':65 'and':3,58,73,88,105 'at':86 'auto':51,103 'camera':6,9,23 'cameras':63 'daily':110 'dc422x':1,55 'delivers':80 'display':50,102 'dual':5,60 'equipped':92 'features':56 'flash':45,97 'focus':52,104 'for':108 'front':2,8,57,67 'functionality':107 'functionality​':54 'has':10 'hd':49,101 'highlight':43,95 'image':14,28 'imx214':16,30,62 'inch':47,99 'interpolated':90 'interpolation）':42 'ips':48,100 'it':79 'led':44,96 'lens':68,78 'optical':18,71 'photos':91 'rear':4,21,59,76 'resolution':38 'selfie':22,77 'sensor':15,29 'shooting':111 'sony':13,27,61 'supporting':69 'the':7,20 'to':32,40,82 'up':31,39,81 'uses':24 'versatile':109 'video':37,85 'webcam':53,106 'with':64,93 'zoom':19,72",2,/uploads/products/dc422x/cover.jpg,[],34.481830924749374
2026-07-20 08:39:41.601406+08,2026-07-22 13:46:43.665848+08,0,,admin,23,dc206x,DC206X,"<h6>Front and rear dual camera<br />
The front camera has a SONY IMX206 16 million image sensor, 5X Optical Zoom, Support optical zoom<br />
The rear selfie camera uses a 12M Sony image sensor IMX386<br />
UP to 5K 5120*2880(30FPS) Video resolution<br />
Up to 64MP interpolation）<br />
Highlight LED flash<br />
3.2inch 1024*768 IPS HD display<br />
Supports HDMI output<br />
Support for external microphones<br />
Supports electronic anti shaking, with built-in 6-axis gyroscope<br />
External hot","<p>The DC206X is a high-performance compact digital camera with a front-rear dual camera system. Its front camera uses a SONY IMX206 16MP image sensor with 5X optical zoom, and the rear selfie camera is equipped with a 12MP SONY IMX386 sensor. It supports up to 5K 5120×2880@30FPS video recording and max 64MP interpolated imaging. The camera comes with a 3.2-inch 1024×768 IPS HD display, HDMI output, and external microphone support. It also features electronic image stabilization with a built-in 6-axis gyroscope, a flash-compatible external hot shoe, a high-brightness LED flash, and a low-light focus assist light for sharp focusing in dim environments.</p>
",,,CNY,instock,PUBLISHED,"'1024':52 '1024×768':143 '12m':30 '12mp':118 '16':14 '16mp':102 '2880':39 '3.2':50,141 '30fps':40,128 '5120':38 '5120×2880':127 '5k':37,126 '5x':18,106 '6':72,164 '64mp':45,133 '768':53 'a':11,29,80,88,99,117,140,160,167,174,181 'also':154 'and':3,109,131,149,180 'anti':66 'assist':186 'axis':73,165 'brightness':177 'built':70,162 'built-in':69,161 'camera':6,9,27,86,93,97,113,137 'comes':138 'compact':84 'compatible':170 'dc206x':1,78 'digital':85 'dim':192 'display':56,146 'dual':5,92 'electronic':65,156 'environments':193 'equipped':115 'external':62,75,150,171 'features':155 'flash':49,169,179 'flash-compatible':168 'focus':185 'focusing':190 'for':61,188 'front':2,8,90,96 'front-rear':89 'gyroscope':74,166 'has':10 'hd':55,145 'hdmi':58,147 'high':82,176 'high-brightness':175 'high-performance':81 'highlight':47 'hot':76,172 'image':16,32,103,157 'imaging':135 'imx206':13,101 'imx386':34,120 'in':71,163,191 'inch':51,142 'interpolated':134 'interpolation）':46 'ips':54,144 'is':79,114 'it':122,153 'its':95 'led':48,178 'light':184,187 'low':183 'low-light':182 'max':132 'microphone':151 'microphones':63 'million':15 'optical':19,22,107 'output':59,148 'performance':83 'rear':4,25,91,111 'recording':130 'resolution':42 'selfie':26,112 'sensor':17,33,104,121 'shaking':67 'sharp':189 'shoe':173 'sony':12,31,100,119 'stabilization':158 'support':21,60,152 'supports':57,64,123 'system':94 'the':7,24,77,110,136 'to':36,44,125 'up':35,43,124 'uses':28,98 'video':41,129 'with':68,87,105,116,139,159 'zoom':20,23,108",5,/uploads/products/dc206x/cover.webp,[],7
2026-07-20 08:39:41.551986+08,2026-07-22 16:01:37.89832+08,0,,admin,15,hdv255k,HDV255K,"<h6>Video Resolution up to 8K 15FPS<br />
up to 88MP Interpolation<br />
With IR fill light<br />
3.0 inch capacitive touch screen<br />
WIFI wireless transmission **Support for HDMI<br />
Six-axis anti-shaking<br />
Remote operation</h6>
<div id=""kiss-translator-box"" class=""notranslate""></div>
","<p>This video camera supports video resolution up to 8K 15FPS and up to 88MP interpolation photography. It features an IR fill light for enhanced low-light performance, a 3.0-inch capacitive touch screen, and six-axis anti-shaking technology for stable shots. Equipped with WIFI wireless transmission and HDMI support, it also enables convenient remote operation, making it ideal for versatile shooting needs.</p>
<div class=""notranslate""></div>
",,,CNY,instock,PUBLISHED,"'15fps':7,44 '3.0':16,64 '88mp':10,48 '8k':6,43 'a':63 'also':89 'an':53 'and':45,69,85 'anti':31,74 'anti-shaking':30,73 'axis':29,72 'camera':37 'capacitive':18,66 'convenient':91 'enables':90 'enhanced':58 'equipped':80 'features':52 'fill':14,55 'for':25,57,77,97 'hdmi':26,86 'hdv255k':1 'ideal':96 'inch':17,65 'interpolation':11,49 'ir':13,54 'it':51,88,95 'light':15,56,61 'low':60 'low-light':59 'making':94 'needs':100 'operation':34,93 'performance':62 'photography':50 'remote':33,92 'resolution':3,40 'screen':20,68 'shaking':32,75 'shooting':99 'shots':79 'six':28,71 'six-axis':27,70 'stable':78 'support':24,87 'supports':38 'technology':76 'this':35 'to':5,9,42,47 'touch':19,67 'transmission':23,84 'up':4,8,41,46 'versatile':98 'video':2,36,39 'wifi':21,82 'wireless':22,83 'with':12,81",6,/uploads/products/hdv255k/cover.webp,[],30.72673988342285
2026-07-20 08:39:41.507163+08,2026-07-24 14:52:14.61579+08,0,,admin,9,dc325,DC325,"<h6>Ultra-High Video Resolution, supports 8K-15FPS.​<br />
Ultra-High Photo Resolution, supports 96MP.​<br />
Dual-core RISC-V CPU system, delivers ultra-fast response time with color processingspeeds up to 480M pixels/second.​<br />
8 shooting modes (Auto, Portrait, Landscape, Night Scene, Filter, Scene, Slow Motion,Video) to meet shooting needs in all scenarios<br />
60 built-in filters and 5-level beauty modes; supports body slimming and face thinning for<br />
maximum creative freedom<br />
","<p>DC325 digital camera delivers 8K-15FPS ultra-high video and 96MP photo resolution. Powered by a dual-core RISC-V CPU with 480M pixels/second processing speed, it features dual front/rear screens, 8X zoom, 8 shooting modes, 60 filters, 5-level beauty, HDR, high-speed burst and Wi-Fi connectivity.</p>
",,,CNY,instock,PUBLISHED,"'15fps':10,88 '480m':39,108 '5':68,124 '60':62,122 '8':42,119 '8k':9,87 '8k-15fps':8,86 '8x':117 '96mp':18,94 'a':99 'all':60 'and':67,75,93,132 'auto':45 'beauty':70,126 'body':73 'built':64 'built-in':63 'burst':131 'by':98 'camera':84 'color':35 'connectivity':136 'core':22,102 'cpu':26,106 'creative':80 'dc325':1,82 'delivers':28,85 'digital':83 'dual':21,101,114 'dual-core':20,100 'face':76 'fast':31 'features':113 'fi':135 'filter':50 'filters':66,123 'for':78 'freedom':81 'front/rear':115 'hdr':127 'high':4,14,91,129 'high-speed':128 'in':59,65 'it':112 'landscape':47 'level':69,125 'maximum':79 'meet':56 'modes':44,71,121 'motion':53 'needs':58 'night':48 'photo':15,95 'pixels/second':40,109 'portrait':46 'powered':97 'processing':110 'processingspeeds':36 'resolution':6,16,96 'response':32 'risc':24,104 'risc-v':23,103 'scenarios':61 'scene':49,51 'screens':116 'shooting':43,57,120 'slimming':74 'slow':52 'speed':111,130 'supports':7,17,72 'system':27 'thinning':77 'time':33 'to':38,55 'ultra':3,13,30,90 'ultra-fast':29 'ultra-high':2,12,89 'up':37 'v':25,105 'video':5,54,92 'wi':134 'wi-fi':133 'with':34,107 'zoom':118 '​':11,19,41",2,/uploads/products/dc325/cover.webp,[],22.48916695266962
2026-07-20 08:39:41.564178+08,2026-07-24 14:52:14.684743+08,0,,admin,17,dc320,DC320,"<h6>Dual front and rear cameras.​​<br />
Front camera: Equipped with a SONY IMX135 13MP image sensor, supports auto-focus.<br />
Rear selfie camera: Uses a SONY IMX219 8MP image sensor.<br />
Built-in high-power LED flash​.​<br />
4.0-inch 800×480 IPS HD touch display.​​<br />
Supports Wi-Fi.​</h6>
","<p>DC320 comes with dual front and rear cameras. The front camera is fitted with a 13MP Sony IMX135 sensor with autofocus, and the rear selfie camera adopts an 8MP Sony IMX219 sensor. It is equipped with a built-in high-power LED flash and a 4.0-inch 800×480 IPS HD touch display, while supporting Wi-Fi connection for convenient image transmission.</p>
",,,CNY,instock,PUBLISHED,"'13mp':15,69 '4.0':41,101 '800×480':43,103 '8mp':29,82 'a':12,26,68,90,100 'adopts':80 'an':81 'and':4,59,75,99 'auto':20 'auto-focus':19 'autofocus':74 'built':33,92 'built-in':32,91 'camera':9,24,64,79 'cameras':6,61 'comes':55 'connection':113 'convenient':115 'dc320':1,54 'display':47,107 'dual':2,57 'equipped':10,88 'fi':52,112 'fitted':66 'flash':98 'flash​':39 'focus':21 'for':114 'front':3,8,58,63 'hd':45,105 'high':36,95 'high-power':35,94 'image':16,30,116 'imx135':14,71 'imx219':28,84 'in':34,93 'inch':42,102 'ips':44,104 'is':65,87 'it':86 'led':38,97 'power':37,96 'rear':5,22,60,77 'selfie':23,78 'sensor':17,31,72,85 'sony':13,27,70,83 'supporting':109 'supports':18,49 'the':62,76 'touch':46,106 'transmission':117 'uses':25 'while':108 'wi':51,111 'wi-fi':50,110 'with':11,56,67,73,89 '​':40,53 '​​':7,48",2,/uploads/products/dc320/cover.webp,[],31.707119941711426
2026-07-20 08:39:41.664201+08,2026-07-24 14:52:14.660163+08,0,,admin,33,dc310,DC310,"<p>Dual front and rear cameras.​​<br />
Front camera: Equipped with a SONY IMX135 13MP image sensor, supports auto-focus.<br />
Rear selfie camera: Uses a SONY IMX219 8MP image sensor.<br />
Built-in high-power LED flash​.​<br />
3.6-inch 800×480 IPS HD touch display.​​<br />
Supports Wi-Fi.​</p>
","<p>The DC310 is a compact digital camera with front and rear dual cameras. The front camera uses a 13MP SONY IMX135 sensor with autofocus, while the rear selfie camera features an 8MP SONY IMX219 sensor. It has a built-in high-power LED flash, a 3.6-inch 800×480 IPS HD touch display, and supports Wi-Fi.</p>
",,,CNY,instock,PUBLISHED,"'13mp':15,72 '3.6':41,101 '800×480':43,103 '8mp':29,85 'a':12,26,57,71,91,100 'an':84 'and':4,63,108 'auto':20 'auto-focus':19 'autofocus':77 'built':33,93 'built-in':32,92 'camera':9,24,60,69,82 'cameras':6,66 'compact':58 'dc310':1,55 'digital':59 'display':47,107 'dual':2,65 'equipped':10 'features':83 'fi':52,112 'flash':99 'flash​':39 'focus':21 'front':3,8,62,68 'has':90 'hd':45,105 'high':36,96 'high-power':35,95 'image':16,30 'imx135':14,74 'imx219':28,87 'in':34,94 'inch':42,102 'ips':44,104 'is':56 'it':89 'led':38,98 'power':37,97 'rear':5,22,64,80 'selfie':23,81 'sensor':17,31,75,88 'sony':13,27,73,86 'supports':18,49,109 'the':54,67,79 'touch':46,106 'uses':25,70 'while':78 'wi':51,111 'wi-fi':50,110 'with':11,61,76 '​':40,53 '​​':7,48",2,/uploads/products/dc310/cover.webp,[],25.99827158721746
2026-07-20 08:39:41.545107+08,2026-07-24 14:52:14.69752+08,0,,admin,14,dc317l,DC317L,"<h6>Digital video (4K)<br />
Digital camera (64 Mega pixels)<br />
LED fill light<br />
Dual front and rear cameras<br />
Auto focus<br />
Web camera</h6>
","<p>The DC417L is a compact digital camera with dual front and rear cameras. It features a high-resolution front sensor for detailed 4K video recording and a dedicated rear selfie camera. It supports 4K 3840×2160@30FPS video and 64MP interpolated photos. Equipped with a 2.8-inch IPS HD display, a built-in LED fill light for low-light shooting, fast auto focus, and web camera functionality for easy live streaming or video calls.</p>
",,,CNY,instock,PUBLISHED,"'2.8':67 '30fps':58 '3840×2160':57 '4k':4,45,56 '64':7 '64mp':61 'a':25,37,49,66,72 'and':15,32,48,60,87 'auto':18,85 'built':74 'built-in':73 'calls':97 'camera':6,21,28,53,89 'cameras':17,34 'compact':26 'dc317l':1 'dc417l':23 'dedicated':50 'detailed':44 'digital':2,5,27 'display':71 'dual':13,30 'easy':92 'equipped':64 'fast':84 'features':36 'fill':11,77 'focus':19,86 'for':43,79,91 'front':14,31,41 'functionality':90 'hd':70 'high':39 'high-resolution':38 'in':75 'inch':68 'interpolated':62 'ips':69 'is':24 'it':35,54 'led':10,76 'light':12,78,82 'live':93 'low':81 'low-light':80 'mega':8 'or':95 'photos':63 'pixels':9 'rear':16,33,51 'recording':47 'resolution':40 'selfie':52 'sensor':42 'shooting':83 'streaming':94 'supports':55 'the':22 'video':3,46,59,96 'web':20,88 'with':29,65",2,/uploads/products/dc317l/cover.jpg,[],32.44585621356964
2026-07-20 08:39:41.576667+08,2026-07-22 16:01:37.814004+08,0,,admin,19,860a,860A,"<h6>Waterproof: The device is completely waterproof at a depth of up to 20 meters.<br />
Pre-recording: Capture memorable moments effortlessly.<br />
Vertical shooting mode: Ideal for uploading and sharing videos on various platforms.<br />
Dual screens:<br />
– Front screen: Provides a more intuitive view when shooting videos directly.<br />
– Rear touchscreen: Simplifies operations.</h6>
","<div>
<div class=""ace-line ace-line old-record-id-FTmxfcVLYdg0dJcqPfocAyU1nmh"">The 860A is a practical sports camera designed for dynamic shooting scenarios. It is completely waterproof up to 20 meters, perfect for capturing underwater moments. Its pre-recording function lets you effortlessly seize memorable shots, while the vertical shooting mode is ideal for sharing videos on various platforms. Equipped with dual screens, the front screen offers an intuitive view for direct video shooting, and the rear touchscreen simplifies operations for easy use during sports.</div>
</div>
",860A,,CNY,instock,PUBLISHED,"'20':14,72 '860a':1,55 'a':9,41,57 'an':111 'and':29,118 'at':8 'camera':60 'capture':19 'capturing':76 'completely':6,68 'depth':10 'designed':61 'device':4 'direct':115 'directly':48 'dual':35,105 'during':127 'dynamic':63 'easy':125 'effortlessly':22,86 'equipped':103 'for':27,62,75,97,114,124 'front':38,108 'function':83 'ideal':26,96 'intuitive':43,112 'is':5,56,67,95 'it':66 'its':79 'lets':84 'memorable':20,88 'meters':15,73 'mode':25,94 'moments':21,78 'more':42 'of':11 'offers':110 'on':32,100 'operations':53,123 'perfect':74 'platforms':34,102 'practical':58 'pre':17,81 'pre-recording':16,80 'provides':40 'rear':50,120 'recording':18,82 'scenarios':65 'screen':39,109 'screens':36,106 'seize':87 'sharing':30,98 'shooting':24,46,64,93,117 'shots':89 'simplifies':52,122 'sports':59,128 'the':3,54,91,107,119 'to':13,71 'touchscreen':51,121 'underwater':77 'up':12,70 'uploading':28 'use':126 'various':33,101 'vertical':23,92 'video':116 'videos':31,47,99 'view':44,113 'waterproof':2,7,69 'when':45 'while':90 'with':104 'you':85 '–':37,49",1,/uploads/products/860a/cover.webp,[],12.25
2026-07-20 08:39:41.514001+08,2026-07-24 14:52:14.614606+08,0,,admin,10,dc417x,DC417X,"<h6>Front and rear dual camera<br />
Front camera features a SONY IMX858 50MP 1/2.5-inch image sensor, 7X optical zoom, with autofocus support.<br />
The rear selfie camera uses a 13M Sony image sensor IMX214<br />
UP to 8K 7680*4320 (15FPS) Video resolution<br />
Up to 88MP interpolation<br />
Built-in high-power LED flash​<br />
2.8inch 640*480 IPS HD touchscreen display​<br />
Supports electronic anti shaking, with built-in 5-axis gyroscope<br />
Supports 30 fps high-speed burst shooting<br /","<p>DC417X compact digital camera comes with front and rear dual Sony sensors: a 50MP IMX858 main camera with 7X optical zoom and autofocus, plus a 13MP IMX214 selfie camera. It supports 8K video recording, 5-axis electronic image stabilization, 30fps burst shooting, HDR and Wi-Fi image transfer.</p>
",,,CNY,instock,PUBLISHED,"'1/2.5-inch':14 '13m':29 '13mp':107 '15fps':39 '2.8':54 '30':74 '30fps':121 '4320':38 '480':57 '5':70,116 '50mp':13,95 '640':56 '7680':37 '7x':17,100 '88mp':44 '8k':36,113 'a':10,28,94,106 'and':3,89,103,125 'anti':64 'autofocus':21,104 'axis':71,117 'br':81 'built':47,68 'built-in':46,67 'burst':79,122 'camera':6,8,26,85,98,110 'comes':86 'compact':83 'dc417x':1,82 'digital':84 'display​':61 'dual':5,91 'electronic':63,118 'features':9 'fi':128 'flash​':53 'fps':75 'front':2,7,88 'gyroscope':72 'hd':59 'hdr':124 'high':50,77 'high-power':49 'high-speed':76 'image':15,31,119,129 'imx214':33,108 'imx858':12,96 'in':48,69 'inch':55 'interpolation':45 'ips':58 'it':111 'led':52 'main':97 'optical':18,101 'plus':105 'power':51 'rear':4,24,90 'recording':115 'resolution':41 'selfie':25,109 'sensor':16,32 'sensors':93 'shaking':65 'shooting':80,123 'sony':11,30,92 'speed':78 'stabilization':120 'support':22 'supports':62,73,112 'the':23 'to':35,43 'touchscreen':60 'transfer':130 'up':34,42 'uses':27 'video':40,114 'wi':127 'wi-fi':126 'with':20,66,87,99 'zoom':19,102",2,/uploads/products/dc417x/cover.jpg,[],15.640625
2026-07-20 08:39:41.570569+08,2026-07-22 14:06:41.557+08,0,,admin,18,wdc901,WDC901,"<h6>Up to 48.0 Megapixels Resolution with Auto-Focusing Function, Large Depth of Field.</h6>
<h6>Up to 4K Video Resolution<br />
Dual Screens (Front 1.7-Inch IPS Display, Rear 2.8-Inchs IPS Display)<br />
IP68 international waterproof standard, grade 8 waterproof, grade 6 dustproof,, long-time working underwater<br />
Custom High Standard Microphone and Loudspeaker<br />
Could be used everywhere with pocket-size</h6>
","<div>
<div class=""ace-line ace-line old-record-id-Cz0AfRdGHd81G2c7iY3cV4svnEd"">The WDC901 is a high-performance sports camera for outdoor and dynamic shooting. It boasts up to 48.0MP resolution with auto-focus and large depth of field, plus 4K video recording for sharp, high-definition moments. Dual screens (1.7-inch front, 2.8-inch rear IPS) enable intuitive operation. IP68 waterproof (grade 8) and dustproof (grade 6) design supports long underwater use, while a custom high-standard mic and speaker ensure clear audio. Its pocket-size build makes it portable for use anywhere, ideal for outdoor sports and daily shooting.</div>
</div>
",,,CNY,instock,PUBLISHED,"'1.7':24,104 '2.8':29,107 '48.0':4,80 '4k':18,93 '6':41,121 '8':38,117 'a':65,128 'and':52,73,87,118,134,154 'anywhere':149 'audio':138 'auto':9,85 'auto-focus':84 'auto-focusing':8 'be':55 'boasts':77 'build':143 'camera':70 'clear':137 'could':54 'custom':48,129 'daily':155 'definition':100 'depth':13,89 'design':122 'display':27,32 'dual':21,102 'dustproof':42,119 'dynamic':74 'enable':111 'ensure':136 'everywhere':57 'field':15,91 'focus':86 'focusing':10 'for':71,96,147,151 'front':23,106 'function':11 'grade':37,40,116,120 'high':49,67,99,131 'high-definition':98 'high-performance':66 'high-standard':130 'ideal':150 'inch':25,105,108 'inchs':30 'international':34 'intuitive':112 'ip68':33,114 'ips':26,31,110 'is':64 'it':76,145 'its':139 'large':12,88 'long':44,124 'long-time':43 'loudspeaker':53 'makes':144 'megapixels':5 'mic':133 'microphone':51 'moments':101 'mp':81 'of':14,90 'operation':113 'outdoor':72,152 'performance':68 'plus':92 'pocket':60,141 'pocket-size':59,140 'portable':146 'rear':28,109 'recording':95 'resolution':6,20,82 'screens':22,103 'sharp':97 'shooting':75,156 'size':61,142 'speaker':135 'sports':69,153 'standard':36,50,132 'supports':123 'the':62 'time':45 'to':3,17,79 'underwater':47,125 'up':2,16,78 'use':126,148 'used':56 'video':19,94 'waterproof':35,39,115 'wdc901':1,63 'while':127 'with':7,58,83 'working':46",1,/uploads/products/wdc901/cover.webp,[],14.625
2026-07-20 08:39:41.484485+08,2026-07-22 16:01:37.759152+08,0,,admin,7,go9,GO9,"<h6>＊ Portable Pocket Camera: Thumb-sized Body, Compact and Portable.​<br />
＊ Lightweight Craftsmanship: Weighing only 43g, easily carried in a pocket for on-the-go shooting.<br />
＊ Waterproof &amp; Anti-Fog: 10-meter waterproof without additional casing, ensuring worry-free filming in rain or harsh conditions.<br />
＊ Ultra-Low Power Consumption: Consumes only 280mA, leading in energy efficiency.<br />
＊ Long-Lasting Battery: 350 minutes of continuous operation for uninterrupted recording.<br","<div>
<div class=""ace-line ace-line old-record-id-FTmxfcVLYdg0dJcqPfocAyU1nmh"">GO9 mini thumb action camera features thumb-sized compact body and only 43g lightweight design, easy to slip into your pocket. Support 10-meter waterproof &amp; anti-fog without extra casing, perfect for rainy and outdoor scenarios. With ultra-low power consumption, 350 minutes continuous recording, instant start &amp; shoot, 3D AI noise reduction, dustproof and anti-shake performance. Equipped with expansion dock and magnetic accessories for multi-angle shooting, ideal for travel, sports and daily moment recording.</div>
</div>
",,,CNY,instock,PUBLISHED,"'10':36,102 '280ma':60 '350':70,123 '3d':130 '43g':19,92 'a':23 'accessories':146 'action':82 'additional':40 'ai':131 'and':11,90,114,135,144,156 'angle':150 'anti':34,106,137 'anti-fog':33,105 'anti-shake':136 'battery':69 'body':9,89 'br':78 'camera':5,83 'carried':21 'casing':41,110 'compact':10,88 'conditions':51 'consumes':58 'consumption':57,122 'continuous':73,125 'craftsmanship':16 'daily':157 'design':94 'dock':143 'dustproof':134 'easily':20 'easy':95 'efficiency':64 'energy':63 'ensuring':42 'equipped':140 'expansion':142 'extra':109 'features':84 'filming':46 'fog':35,107 'for':25,75,112,147,153 'free':45 'go':29 'go9':1,79 'harsh':50 'ideal':152 'in':22,47,62 'instant':127 'into':98 'lasting':68 'leading':61 'lightweight':15,93 'long':67 'long-lasting':66 'low':55,120 'magnetic':145 'meter':37,103 'mini':80 'minutes':71,124 'moment':158 'multi':149 'multi-angle':148 'noise':132 'of':72 'on':27 'on-the-go':26 'only':18,59,91 'operation':74 'or':49 'outdoor':115 'perfect':111 'performance':139 'pocket':4,24,100 'portable':3,12 'power':56,121 'rain':48 'rainy':113 'recording':77,126,159 'reduction':133 'scenarios':116 'shake':138 'shoot':129 'shooting':30,151 'sized':8,87 'slip':97 'sports':155 'start':128 'support':101 'the':28 'thumb':7,81,86 'thumb-sized':6,85 'to':96 'travel':154 'ultra':54,119 'ultra-low':53,118 'uninterrupted':76 'waterproof':32,38,104 'weighing':17 'with':117,141 'without':39,108 'worry':44 'worry-free':43 'your':99 '​':13 '＊':2,14,31,52,65",1,/uploads/products/go9/cover.webp,[],13.4375
2026-07-20 08:39:41.67639+08,2026-07-24 14:52:14.6596+08,0,,admin,35,dc308,DC308,"<h6>Digital video (4K)<br />
Digital camera (48 Mega pixels)<br />
LED fill light<br />
Dual front and rear cameras<br />
Auto focus<br />
Web camera</h6>
","<p>The DC308 is a versatile compact digital camera designed for daily shooting and content creation. It features a front-rear dual camera system with auto focus, supporting 4K high-resolution video recording and 48-megapixel still photography. Equipped with an LED fill light, it ensures clear imaging in various lighting conditions. Additionally, it supports web camera functionality, making it easy to stream and share content live.</p>
",,,CNY,instock,PUBLISHED,"'48':7,57 '4k':4,50 'a':25,39 'additionally':75 'an':63 'and':15,34,56,86 'auto':18,47 'camera':6,21,29,44,79 'cameras':17 'clear':69 'compact':27 'conditions':74 'content':35,88 'creation':36 'daily':32 'dc308':1,23 'designed':30 'digital':2,5,28 'dual':13,43 'easy':83 'ensures':68 'equipped':61 'features':38 'fill':11,65 'focus':19,48 'for':31 'front':14,41 'front-rear':40 'functionality':80 'high':52 'high-resolution':51 'imaging':70 'in':71 'is':24 'it':37,67,76,82 'led':10,64 'light':12,66 'lighting':73 'live':89 'making':81 'mega':8 'megapixel':58 'photography':60 'pixels':9 'rear':16,42 'recording':55 'resolution':53 'share':87 'shooting':33 'still':59 'stream':85 'supporting':49 'supports':77 'system':45 'the':22 'to':84 'various':72 'versatile':26 'video':3,54 'web':20,78 'with':46,62",2,/uploads/products/dc308/cover.webp,[],23.109571944572963
2026-07-20 08:39:41.652122+08,2026-07-24 14:52:14.67955+08,0,,admin,31,dc406,DC406,"<h6>High video resolution (1080P)<br />
High pixel image (64Mega pixels)<br />
Mass storage (Removable disk)<br />
16X digital zoom</h6>
","<p>DC406 Digital Camera The DC406 is a compact digital camera that supports 1080P video recording and 64MP high-resolution photography. It features 16X digital zoom and mass removable disk storage, making it perfect for daily use.</p>
",,,CNY,instock,PUBLISHED,"'1080p':5,30 '16x':15,41 '64mega':9 '64mp':34 'a':24 'and':33,44 'camera':20,27 'compact':25 'daily':53 'dc406':1,18,22 'digital':16,19,26,42 'disk':14,47 'features':40 'for':52 'high':2,6,36 'high-resolution':35 'image':8 'is':23 'it':39,50 'making':49 'mass':11,45 'perfect':51 'photography':38 'pixel':7 'pixels':10 'recording':32 'removable':13,46 'resolution':4,37 'storage':12,48 'supports':29 'that':28 'the':21 'use':54 'video':3,31 'zoom':17,43",2,/uploads/products/dc406/cover.webp,[],31.10755491256714
2026-07-20 08:39:41.469653+08,2026-07-22 16:01:37.954838+08,0,,admin,5,hdv284k,HDV284K,"<h6>8X optical zoom lens<br />
Video recording resolution (5K/25FPS)<br />
Digital camera (64MP)<br />
720*1280 IPS HD capacitive touch screen, support two-finger zoom<br />
EIS electronic stabilization (6-axis: 3-axis Gyroscope + 3-axis Accelerometer)​<br />
All-in-One Camcorder &amp; Live Streaming Device​​<br />
Customizable Zone Autofocus with TOF Laser Assist​​<br />
Full-Color Night Vision​​<br />
Face Recognition​​<br />
Auto Focus​​<br />
WiFi wireless connection</h6>
","<p>The HDV284K is a professional all-in-one camcorder and live streaming device that delivers outstanding imaging performance. It features an 8X optical zoom lens for lossless close-up shots, stunning 5K 7680×4320@25FPS video recording, and crisp 64MP high-resolution photography. Equipped with advanced 6-axis EIS (3-axis Gyroscope + 3-axis Accelerometer) for ultra-smooth footage, customizable zone autofocus with TOF laser assist for fast and accurate focusing, and full-color night vision for clear low-light imaging. The 720×1280 IPS HD capacitive touchscreen supports two-finger zoom for intuitive operation, while face recognition, auto focus and WiFi wireless connection further enhance your shooting experience. Perfect for professional videography, live streaming, event recording and content creation.</p>
",,,CNY,instock,PUBLISHED,"'1280':14 '25fps':99 '3':30,33,115,118 '5k':97 '5k/25fps':9 '6':28,112 '64mp':12,104 '720':13 '720×1280':151 '7680×4320':98 '8x':2,86 'a':67 'accelerometer':35,120 'accurate':136 'advanced':111 'all':38,70 'all-in-one':37,69 'an':85 'and':74,102,135,138,169,186 'assist':132 'assist​​':51 'auto':59,167 'autofocus':47,128 'axis':29,31,34,113,116,119 'camcorder':41,73 'camera':11 'capacitive':17,154 'clear':145 'close':93 'close-up':92 'color':54,141 'connection':63,172 'content':187 'creation':188 'crisp':103 'customizable':45,126 'delivers':79 'device':77 'device​​':44 'digital':10 'eis':25,114 'electronic':26 'enhance':174 'equipped':109 'event':184 'experience':177 'face':57,165 'fast':134 'features':84 'finger':23,159 'focus':168 'focusing':137 'focus​​':60 'footage':125 'for':90,121,133,144,161,179 'full':53,140 'full-color':52,139 'further':173 'gyroscope':32,117 'hd':16,153 'hdv284k':1,65 'high':106 'high-resolution':105 'imaging':81,149 'in':39,71 'intuitive':162 'ips':15,152 'is':66 'it':83 'laser':50,131 'lens':5,89 'light':148 'live':42,75,182 'lossless':91 'low':147 'low-light':146 'night':55,142 'one':40,72 'operation':163 'optical':3,87 'outstanding':80 'perfect':178 'performance':82 'photography':108 'professional':68,180 'recognition':166 'recognition​​':58 'recording':7,101,185 'resolution':8,107 'screen':19 'shooting':176 'shots':95 'smooth':124 'stabilization':27 'streaming':43,76,183 'stunning':96 'support':20 'supports':156 'that':78 'the':64,150 'tof':49,130 'touch':18 'touchscreen':155 'two':22,158 'two-finger':21,157 'ultra':123 'ultra-smooth':122 'up':94 'video':6,100 'videography':181 'vision':143 'vision​​':56 'while':164 'wifi':61,170 'wireless':62,171 'with':48,110,129 'your':175 'zone':46,127 'zoom':4,24,88,160 '​':36",6,/uploads/products/hdv284k/cover.webp,[],38.93057320266962
2026-07-20 08:39:41.688113+08,2026-07-24 14:52:14.655743+08,0,,admin,37,dc305x,DC305X,"<h6>10X Optical Zoom, Support optical zoom<br />
16 megapixel + 12 megapixel dual front and rear cameras<br />
Front SONY IMX206 16 megapixels photosensitive chip, Up to 56MP interpolation）<br />
UP to 5K 5120*2880(30FPS) Video resolution<br />
2.8inch 640*480 IPS HD display ** Highlight LED flash<br />
Supports electronic anti shaking, with built-in 6-axis gyroscope</h6>
","<p>DC305X Digital Camera The DC305X is a compact digital camera equipped with 10X optical zoom and front/rear dual cameras: a 16MP SONY IMX206 front sensor (up to 56MP interpolation) and a 12MP rear camera. It supports 5K 5120×2880@30FPS video recording, and features a 2.8-inch 640×480 IPS HD display, highlight LED flash, and electronic image stabilization with a built-in 6-axis gyroscope.</p>
",,,CNY,instock,PUBLISHED,"'10x':2,69 '12':10 '12mp':88 '16':8,20 '16mp':77 '2.8':36,101 '2880':32 '30fps':33,95 '480':39 '5120':31 '5120×2880':94 '56mp':26,84 '5k':30,93 '6':54,119 '640':38 '640×480':103 'a':63,76,87,100,115 'and':14,72,86,98,110 'anti':48 'axis':55,120 'built':52,117 'built-in':51,116 'camera':59,66,90 'cameras':16,75 'chip':23 'compact':64 'dc305x':1,57,61 'digital':58,65 'display':42,106 'dual':12,74 'electronic':47,111 'equipped':67 'features':99 'flash':45,109 'front':13,17,80 'front/rear':73 'gyroscope':56,121 'hd':41,105 'highlight':43,107 'image':112 'imx206':19,79 'in':53,118 'inch':37,102 'interpolation':85 'interpolation）':27 'ips':40,104 'is':62 'it':91 'led':44,108 'megapixel':9,11 'megapixels':21 'optical':3,6,70 'photosensitive':22 'rear':15,89 'recording':97 'resolution':35 'sensor':81 'shaking':49 'sony':18,78 'stabilization':113 'support':5 'supports':46,92 'the':60 'to':25,29,83 'up':24,28,82 'video':34,96 'with':50,68,114 'zoom':4,7,71",2,/uploads/products/dc305x/cover.webp,[],21.39873699704185
2026-07-20 08:39:41.538553+08,2026-07-24 14:52:14.697887+08,0,,admin,13,ve418,VE418,"<h6>Front and rear dual camera<br />
The front camera has a SONY IMX689 48 million image sensor, Supports autofocus<br />
The rear selfie camera uses a 13M Sony image sensor IMX214<br />
UP to 8K 7680*4320(15FPS)Video resolution<br />
Up to 88MP interpolation<br />
Built-in high-power LED flash​<br />
2.8inch 640*480 IPS HD touchscreen display​<br />
Supports electronic anti shaking, with built-in 5-axis gyroscope<br />
Supports 30 fps high-speed burst shooting<br />
Supports Night Mode for enha","<p>The VE418 digital camera delivers exceptional imaging performance with its premium dual Sony sensor system. It features a front-facing SONY IMX689 48MP sensor with autofocus and a rear 13MP SONY IMX214 sensor for selfies. Capable of recording stunning 8K 7680×4320@15FPS videos and capturing up to 88MP interpolated photos, it preserves every intricate detail. Equipped with 5-axis gyro electronic image stabilization, 30FPS high-speed burst shooting, advanced Night Mode and HDR technology, it excels in all shooting conditions. The 2.8-inch IPS HD touchscreen provides intuitive control, while built-in Wi-Fi enables instant image sharing. Perfect for photography enthusiasts, content creators and everyday users seeking professional-grade results.</p>
",,,CNY,instock,PUBLISHED,"'13m':26 '13mp':113 '15fps':36,125 '2.8':51,166 '30':71 '30fps':147 '4320':35 '48':14 '480':54 '48mp':106 '5':67,141 '640':53 '7680':34 '7680×4320':124 '88mp':41,131 '8k':33,123 'a':11,25,100,111 'advanced':153 'all':162 'and':3,110,127,156,191 'anti':61 'autofocus':19,109 'axis':68,142 'built':44,65,176 'built-in':43,64,175 'burst':76,151 'camera':6,9,23,86 'capable':119 'capturing':128 'conditions':164 'content':189 'control':173 'creators':190 'delivers':87 'detail':138 'digital':85 'display​':58 'dual':5,94 'electronic':60,144 'enables':181 'enha':82 'enthusiasts':188 'equipped':139 'every':136 'everyday':192 'excels':160 'exceptional':88 'facing':103 'features':99 'fi':180 'flash​':50 'for':81,117,186 'fps':72 'front':2,8,102 'front-facing':101 'grade':197 'gyro':143 'gyroscope':69 'has':10 'hd':56,169 'hdr':157 'high':47,74,149 'high-power':46 'high-speed':73,148 'image':16,28,145,183 'imaging':89 'imx214':30,115 'imx689':13,105 'in':45,66,161,177 'inch':52,167 'instant':182 'interpolated':132 'interpolation':42 'intricate':137 'intuitive':172 'ips':55,168 'it':98,134,159 'its':92 'led':49 'million':15 'mode':80,155 'night':79,154 'of':120 'perfect':185 'performance':90 'photography':187 'photos':133 'power':48 'premium':93 'preserves':135 'professional':196 'professional-grade':195 'provides':171 'rear':4,21,112 'recording':121 'resolution':38 'results':198 'seeking':194 'selfie':22 'selfies':118 'sensor':17,29,96,107,116 'shaking':62 'sharing':184 'shooting':77,152,163 'sony':12,27,95,104,114 'speed':75,150 'stabilization':146 'stunning':122 'supports':18,59,70,78 'system':97 'technology':158 'the':7,20,83,165 'to':32,40,130 'touchscreen':57,170 'up':31,39,129 'users':193 'uses':24 've418':1,84 'video':37 'videos':126 'while':174 'wi':179 'wi-fi':178 'with':63,91,108,140",2,/uploads/products/ve418/cover.webp,[],33.401888728141785
