id,image_url,alt,sort_order,product_id
25,/uploads/products/dc417x/_____20260226092042_1147_77-scaled.jpg,"",0,10
26,/uploads/products/dc417x/_____20260226092043_1148_77-scaled.jpg,"",1,10
27,/uploads/products/dc417x/_____20260226092041_1146_77-scaled.jpg,"",2,10
28,/uploads/products/dc413l/__-__-___4.webp,"",0,11
29,/uploads/products/dc413l/__-__-___2.webp,"",1,11
30,/uploads/products/dc413l/__-__-____3.webp,"",2,11
7,/uploads/products/hdv544km/photobank_3_11zon.webp,"",0,4
8,/uploads/products/hdv544km/photobank-1_4_11zon-1.webp,"",1,4
13,/uploads/products/dc218l/__-___-__5.webp,"",0,6
14,/uploads/products/dc218l/__-__-1-_4-scaled.webp,"",1,6
15,/uploads/products/dc218l/__-__-1-_3-scaled.webp,"",2,6
16,/uploads/products/go9/photobank-2_3_11zon.webp,"",0,7
17,/uploads/products/go9/photobank-3_2_11zon.webp,"",1,7
18,/uploads/products/go9/photobank-1_4_11zon.webp,"",2,7
19,/uploads/products/dc312x/__-__-_____.jpg,DC312X,0,8
20,/uploads/products/dc312x/__-__-__.jpg,DC312X,1,8
21,/uploads/products/dc312x/__-__-__-__.jpg,DC312X,2,8
31,/uploads/products/dc422x/__-___.jpg,"",0,12
32,/uploads/products/dc422x/__-____38375.jpg,"",1,12
33,/uploads/products/dc422x/__-__.jpg,"",2,12
35,/uploads/products/ve418/__-____2.webp,"",1,13
36,/uploads/products/ve418/__-____4.webp,"",2,13
37,/uploads/products/dc317l/__-_-___-2.jpg,"",0,14
38,/uploads/products/dc317l/__-_-___-2_21609.jpg,"",1,14
39,/uploads/products/dc317l/__-_-___-3.jpg,"",2,14
40,/uploads/products/hdv255k/____-__-___-___-___4.webp,"",0,15
41,/uploads/products/hdv255k/____-__-05_3.webp,"",1,15
42,/uploads/products/hdv255k/____-__-03_2.webp,"",2,15
43,/uploads/products/w3/W3-2.jpg,"",0,16
44,/uploads/products/w3/W3-4.jpg,"",1,16
45,/uploads/products/w3/W3-5.jpg,"",2,16
46,/uploads/products/dc320/___-5_4.webp,"",0,17
47,/uploads/products/dc320/___03.webp,"",1,17
48,/uploads/products/dc320/___04.webp,"",2,17
49,/uploads/products/wdc901/2-21.webp,"",0,18
50,/uploads/products/wdc901/4-20.webp,"",1,18
51,/uploads/products/wdc901/5-15.webp,"",2,18
52,/uploads/products/860a/__-__-2_2.webp,"",0,19
53,/uploads/products/860a/__-__-1_3.webp,"",1,19
54,/uploads/products/860a/__-__-2_4.webp,"",2,19
55,/uploads/products/dc209x/1-9.webp,1,0,20
56,/uploads/products/dc209x/2-7.webp,2,1,20
57,/uploads/products/dc209x/__-_-DC209X-___.webp,"",2,20
58,/uploads/products/dc208n/1-8.webp,1,0,21
59,/uploads/products/dc208n/2-6.webp,2,1,21
60,/uploads/products/dc208n/3-7.webp,3,2,21
61,/uploads/products/dc226/3-10.webp,3,0,22
62,/uploads/products/dc226/4-9.webp,4,1,22
63,/uploads/products/dc206x/1-7.webp,1,0,23
64,/uploads/products/dc206x/2-5.webp,2,1,23
2,/uploads/products/dc105/DC105-4-scaled.webp,"",1,2
3,/uploads/products/dc105/DC105-1-scaled.webp,"",2,2
4,/uploads/products/dc501j/photobank-3_2_11zon-2.webp,"",0,3
5,/uploads/products/dc501j/photobank-2_1_11zon-2.webp,"",1,3
6,/uploads/products/dc501j/photobank-1_4_11zon-3.webp,"",2,3
22,/uploads/products/dc325/_____20260318102450_1185_77_7-scaled.webp,"",0,9
23,/uploads/products/dc325/_____20260318102449_1184_77_6-scaled.webp,"",1,9
24,/uploads/products/dc325/_____20260318102448_1183_77_5-scaled.webp,"",2,9
9,/uploads/products/hdv544km/photobank-2_1_11zon.webp,"",2,4
10,/uploads/products/hdv284k/photobank_3_11zon.webp,"",0,5
11,/uploads/products/hdv284k/photobank-1_4_11zon-1.webp,"",1,5
12,/uploads/products/hdv284k/photobank-2_1_11zon.webp,"",2,5
34,/uploads/products/ve418/__-___5.webp,"",0,13
73,/uploads/products/dc203/5-2.webp,5,1,26
74,/uploads/products/dc203/3-4.webp,3,2,26
75,/uploads/products/dc201s/DC201-4_11zon.webp,"",0,27
76,/uploads/products/dc201s/DC201-3_11zon.webp,"",1,27
77,/uploads/products/dc201s/DC201S-1.webp,"",2,27
78,/uploads/products/dc103w/__.webp,"",0,28
79,/uploads/products/dc103w/____.webp,"",1,28
80,/uploads/products/dc103w/___20437.webp,"",2,28
81,/uploads/products/dc506/__-_-__2.webp,"",0,29
82,/uploads/products/dc506/__-_-__3.webp,"",1,29
83,/uploads/products/dc506/__-_-___4.webp,"",2,29
95,/uploads/products/dc310/__-__-_4.webp,"",2,33
96,/uploads/products/dc309x/__-__-2-_-6X.jpg,"",0,34
97,/uploads/products/dc308/2-13.webp,2,0,35
98,/uploads/products/dc306l/__-__-__-___7.webp,"",0,36
99,/uploads/products/dc306l/__-__-DC306L-_-from-JD_10.webp,"",1,36
100,/uploads/products/dc306l/__-fromAMZ-SKU-01-White_8.webp,"",2,36
107,/uploads/products/dc101l/2.webp,2,0,39
108,/uploads/products/dc101l/3-1.webp,3,1,39
109,/uploads/products/dc101l/4.webp,4,2,39
110,/uploads/products/dc402/1-19.webp,1,0,40
111,/uploads/products/dc402/2-17.webp,2,1,40
112,/uploads/products/dc402/7-6.webp,7,2,40
113,/uploads/products/dc403/5adc255962c05f018172e3f49c1ffcf.webp,5adc255962c05f018172e3f49c1ffcf,0,41
114,/uploads/products/dc403/16db62727bd0e5a0763280af1dd54cd.webp,16db62727bd0e5a0763280af1dd54cd,1,41
115,/uploads/products/dc403/d9d79ec15a1eb53dab30f0419ddeb6e.webp,d9d79ec15a1eb53dab30f0419ddeb6e,2,41
116,/uploads/products/dc408x/1-21.webp,1,0,42
117,/uploads/products/dc408x/4-18.webp,4,1,42
118,/uploads/products/dc408x/7-7.webp,7,2,42
1,/uploads/products/dc105/DC105-2-scaled.webp,"",0,2
65,/uploads/products/dc206x/4-5.webp,4,2,23
66,/uploads/products/dc205x/1-6.webp,1,0,24
67,/uploads/products/dc205x/2-4.webp,2,1,24
68,/uploads/products/dc205x/4-4.webp,4,2,24
69,/uploads/products/dc202/6-1.webp,6,0,25
70,/uploads/products/dc202/4-2.webp,4,1,25
71,/uploads/products/dc202/2-2.webp,2,2,25
101,/uploads/products/dc305x/__-__-from-AMZ.webp,"",0,37
102,/uploads/products/dc305x/__-_-10X-___.webp,"",1,37
103,/uploads/products/dc305x/__-_-__.webp,"",2,37
72,/uploads/products/dc203/4-3.webp,4,0,26
84,/uploads/products/dc503j/__-__-__-_-2_3.webp,"",0,30
85,/uploads/products/dc503j/__-__-__-__-2_4.webp,"",1,30
86,/uploads/products/dc503j/__-__-__-__-1_2.webp,"",2,30
87,/uploads/products/dc406/3-19.webp,3,0,31
88,/uploads/products/dc406/2-18.webp,2,1,31
89,/uploads/products/dc406/1-20.webp,1,2,31
90,/uploads/products/dc311/4-14.webp,4,0,32
91,/uploads/products/dc311/3-16.webp,3,1,32
92,/uploads/products/dc311/2-15.webp,2,2,32
104,/uploads/products/dc302/1-12.webp,1,0,38
105,/uploads/products/dc302/6-4.webp,6,1,38
106,/uploads/products/dc302/3-11.webp,3,2,38
93,/uploads/products/dc310/__-_-___2.webp,"",0,33
94,/uploads/products/dc310/__-_-____3.webp,"",1,33
